"model","study_id","fitted","residual","standardized_residual","studentized_residual","cooks_distance","leverage","flag_abs_studentized_gt_3","flag_cooks_gt_4_over_n","flag_leverage_gt_2p_over_n"
"mediator_model_RQ1_H1","ALG26-001",3.20610053014329,-0.0394338634766257,-0.0741032604616784,-0.0738696679254429,1.13969699667752e-05,0.00823349447433023,FALSE,FALSE,FALSE
"mediator_model_RQ1_H1","ALG26-002",3.07491521647722,0.591751450189442,1.11994479123431,1.12085282257342,0.00713344913738873,0.0222431954960511,FALSE,FALSE,FALSE
"mediator_model_RQ1_H1","ALG26-004",3.56829857759786,-0.56829857759786,-1.07312934654897,-1.07364785422054,0.00522124765646553,0.0178124865816952,FALSE,FALSE,FALSE
"mediator_model_RQ1_H1","ALG26-005",3.77056444016065,-0.770564440160653,-1.46697132593068,-1.47238315885875,0.018752554482534,0.0336819531666073,FALSE,FALSE,FALSE
"mediator_model_RQ1_H1","ALG26-006",2.61254564598039,1.22078768735294,2.32672244085387,2.36013336490017,0.050349912398235,0.0358679116093668,FALSE,TRUE,FALSE
"mediator_model_RQ1_H1","ALG26-007",3.83756838645235,-0.337568386452345,-0.636549883770878,-0.635347494814547,0.00155024103243939,0.0150729547624451,FALSE,FALSE,FALSE
"mediator_model_RQ1_H1","ALG26-008",3.67352760027895,-1.50686093361228,-2.83434372079158,-2.90004822971284,0.0205130308346896,0.0101104741042571,FALSE,FALSE,FALSE
"mediator_model_RQ1_H1","ALG26-009",3.08072264350151,-0.747389310168178,-1.41308564855791,-1.41759304505621,0.0103331207543971,0.020279476074554,FALSE,FALSE,FALSE
"mediator_model_RQ1_H1","ALG26-010",3.68548428144022,-0.852150948106891,-1.61036952118745,-1.61860353754744,0.0127722401214185,0.0193198332576899,FALSE,FALSE,FALSE
"mediator_model_RQ1_H1","ALG26-011",3.49264748812277,-0.659314154789441,-1.24177842666017,-1.24392749867995,0.0049652951291109,0.0127162433183155,FALSE,FALSE,FALSE
"mediator_model_RQ1_H1","ALG26-012",3.14922644456405,-0.315893111230721,-0.599407185104618,-0.598187836964969,0.00252034902572767,0.0272934618774277,FALSE,FALSE,FALSE
"mediator_model_RQ1_H1","ALG26-013",3.58671661713929,-0.0867166171392934,-0.164107346205012,-0.163601138393243,0.000152164380534715,0.0221009515316385,FALSE,FALSE,FALSE
"mediator_model_RQ1_H1","ALG26-014",3.55712382249853,-0.0571238224985338,-0.107469202024079,-0.107132485488087,3.06657719293578e-05,0.0105089114257446,FALSE,FALSE,FALSE
"mediator_model_RQ1_H1","ALG26-015",4.06464964958369,-0.231316316250354,-0.440492731025834,-0.439366421591615,0.00171851598429464,0.0342149989831911,FALSE,FALSE,FALSE
"mediator_model_RQ1_H1","ALG26-016",3.79505287505127,-0.128386208384604,-0.242869554979781,-0.242144964287241,0.000321405571413078,0.0213306084493531,FALSE,FALSE,FALSE
"mediator_model_RQ1_H1","ALG26-017",2.89284735379337,0.7738193128733,1.46567005836676,1.47105908042736,0.013076487287423,0.0237700867369401,FALSE,FALSE,FALSE
"mediator_model_RQ1_H1","ALG26-018",3.49070981020967,0.50929018979033,0.973327345546284,0.973164233712821,0.0101600168649974,0.041133413849504,FALSE,FALSE,FALSE
"mediator_model_RQ1_H1","ALG26-019",3.15461090988085,-1.65461090988085,-3.1295031679257,-3.2210096141841,0.0524990293964856,0.0209916639039532,TRUE,TRUE,FALSE
"mediator_model_RQ1_H1","ALG26-020",3.96908066579632,0.530919334203684,1.00099971104169,1.00100608824069,0.00375713048261907,0.014776887154954,FALSE,FALSE,FALSE
"mediator_model_RQ1_H1","ALG26-022",4.35188253759559,0.314784129071077,0.600216868523578,0.598997718668677,0.00343279962791361,0.0367152701615204,FALSE,FALSE,FALSE
"mediator_model_RQ1_H1","ALG26-023",4.27365470028629,-0.106988033619624,-0.204695055612041,-0.204073319166621,0.000473457614037789,0.0432441645616399,FALSE,FALSE,FALSE
"mediator_model_RQ1_H1","ALG26-024",3.07599210954058,-0.242658776207247,-0.458914257843476,-0.457764877420317,0.00111803387489269,0.0207934316845926,FALSE,FALSE,FALSE
"mediator_model_RQ1_H1","ALG26-025",3.93056062240551,-0.0972272890721717,-0.184288578770945,-0.183724208287828,0.000219304981333374,0.0251788894941278,FALSE,FALSE,FALSE
"mediator_model_RQ1_H1","ALG26-027",3.71676104038893,0.283238959611068,0.538472925425115,0.537259393497774,0.00231904796202389,0.0310002809448037,FALSE,FALSE,FALSE
"mediator_model_RQ1_H1","ALG26-029",3.88980793410018,-0.556474600766843,-1.04852409896508,-1.04885618729346,0.00377269113824631,0.0135404682638144,FALSE,FALSE,FALSE
"mediator_model_RQ1_H1","ALG26-031",3.46344565651299,-0.463445656512987,-0.883147424727113,-0.882529166461262,0.00718874505357173,0.0355568509944033,FALSE,FALSE,FALSE
"mediator_model_RQ1_H1","ALG26-032",3.77989751337644,0.720102486623563,1.37325092675679,1.37714144398893,0.0181050794334704,0.0369823800759695,FALSE,FALSE,FALSE
"mediator_model_RQ1_H1","ALG26-033",3.92653315571872,-0.0931998223853882,-0.176033675001778,-0.175492932349637,0.000144316226441431,0.0182880632908147,FALSE,FALSE,FALSE
"mediator_model_RQ1_H1","ALG26-034",3.62057012392221,-0.453903457255546,-0.853246476193015,-0.852508397311524,0.00163191210212635,0.00888650799465036,FALSE,FALSE,FALSE
"mediator_model_RQ1_H1","ALG26-035",3.2143887089722,0.118944624361132,0.224560484152447,0.223884452139786,0.000223491241660921,0.0174189594308521,FALSE,FALSE,FALSE
"mediator_model_RQ1_H1","ALG26-037",3.77337215764324,-0.273372157643241,-0.514111722599192,-0.512911396722326,0.000651506015395535,0.00976342893552502,FALSE,FALSE,FALSE
"mediator_model_RQ1_H1","ALG26-038",3.1551539837724,-0.321820650439068,-0.618895355980036,-0.617682880689445,0.00536181165841091,0.0530244143738952,FALSE,FALSE,TRUE
"mediator_model_RQ1_H1","ALG26-039",2.65437522734908,0.178958105984252,0.342398068111464,0.341439508051668,0.00132583313533526,0.0432784602025962,FALSE,FALSE,FALSE
"mediator_model_RQ1_H1","ALG26-040",3.6000622956071,-0.100062295607101,-0.188826676258901,-0.188249417102217,0.000149853790973218,0.0165333427266965,FALSE,FALSE,FALSE
"mediator_model_RQ1_H1","ALG26-041",3.73549118417354,0.597842149159795,1.1310249239817,1.13203200573055,0.00701686697432903,0.0214700476113243,FALSE,FALSE,FALSE
"mediator_model_RQ1_H1","ALG26-042",3.57867654520049,0.0879901214661812,0.167901380773413,0.167384137178451,0.000279579189886261,0.0381558392887205,FALSE,FALSE,FALSE
"mediator_model_RQ1_H1","ALG26-043",2.86192955919911,0.138070440800887,0.261036500120323,0.260265251880097,0.000350924303901573,0.0201843757792159,FALSE,FALSE,FALSE
"mediator_model_RQ1_H1","ALG26-044",3.92728308310415,-0.427283083104148,-0.811011340494607,-0.810128779297581,0.00471472444788137,0.0278731087690721,FALSE,FALSE,FALSE
"mediator_model_RQ1_H1","ALG26-046",3.5474317849283,1.28590154840504,2.41717037386051,2.45533474942296,0.0130188720683974,0.00883415779329879,FALSE,FALSE,FALSE
"mediator_model_RQ1_H1","ALG26-047",3.76001161774067,-0.260011617740674,-0.492310018695169,-0.491126436790466,0.00143228449018503,0.0230922103644479,FALSE,FALSE,FALSE
"mediator_model_RQ1_H1","ALG26-048",3.17580466822835,0.324195331771649,0.613769593177785,0.612554882210902,0.00220519166137684,0.0228793553551197,FALSE,FALSE,FALSE
"mediator_model_RQ1_H1","ALG26-049",3.61593558599084,0.217397747342493,0.410006162068894,0.408924211288687,0.00065586352108292,0.0153662333850483,FALSE,FALSE,FALSE
"mediator_model_RQ1_H1","ALG26-050",2.50472501403033,-0.00472501403033377,-0.00903646556457804,-0.0090078260910391,9.0535562416236e-07,0.0424655175877472,FALSE,FALSE,FALSE
"mediator_model_RQ1_H1","ALG26-051",3.79573880508366,-0.129072138416991,-0.242838470783102,-0.242113961256866,0.000157824671705539,0.0105919361203475,FALSE,FALSE,FALSE
"mediator_model_RQ1_H1","ALG26-052",3.5967996177405,0.569867048926164,1.07072725849898,1.07122702013356,0.00229602759153648,0.00794720037193269,FALSE,FALSE,FALSE
"mediator_model_RQ1_H1","ALG26-053",3.02116095262378,0.645505714042888,1.21965281133954,1.22155100857002,0.007199109583252,0.0189906349954003,FALSE,FALSE,FALSE
"mediator_model_RQ1_H1","ALG26-054",3.70052878565074,-0.367195452317405,-0.693660922953307,-0.692517592760224,0.00227996844557804,0.0186011549922063,FALSE,FALSE,FALSE
"mediator_model_RQ1_H1","ALG26-055",3.47060780636029,-0.470607806360291,-0.892677615600981,-0.892100701987366,0.00545201294985019,0.0266380210994111,FALSE,FALSE,FALSE
"mediator_model_RQ1_H1","ALG26-056",4.34064378514322,0.159356214856777,0.303343967305688,0.302470585003841,0.000796764431949969,0.0334758724959863,FALSE,FALSE,FALSE
"mediator_model_RQ1_H1","ALG26-057",3.61869644336215,0.214636889971185,0.408578502883379,0.407498810851091,0.00144642614110068,0.0334971879416198,FALSE,FALSE,FALSE
"mediator_model_RQ1_H1","ALG26-058",3.25370553985972,0.412961126806949,0.777729848511809,0.776753000039898,0.00192501433444167,0.0125702133508383,FALSE,FALSE,FALSE
"mediator_model_RQ1_H1","ALG26-059",3.46628537267209,0.0337146273279067,0.063854683625236,0.0636531124279777,2.47131161561681e-05,0.0236700193212463,FALSE,FALSE,FALSE
"mediator_model_RQ1_H1","ALG26-060",3.35674877773757,-0.356748777737567,-0.670151931487443,-0.668979270532735,0.000850167670502493,0.00751522320914281,FALSE,FALSE,FALSE
"mediator_model_RQ1_H1","ALG26-061",3.03200874204517,-0.365342075378507,-0.689028301953976,-0.687878621414178,0.00185340508269711,0.0153754166641536,FALSE,FALSE,FALSE
"mediator_model_RQ1_H1","ALG26-062",3.18922920548396,0.477437461182709,0.908910700773907,0.908407798058004,0.00719097981687434,0.0336466315941062,FALSE,FALSE,FALSE
"mediator_model_RQ1_H1","ALG26-063",3.01582334741826,-0.515823347418259,-0.993639431069307,-0.993599306032797,0.0146919565889844,0.0561787099843432,FALSE,FALSE,TRUE
"mediator_model_RQ1_H1","ALG26-064",2.98468383789537,0.348649495437965,0.671697769538362,0.67052681763192,0.00674522000623764,0.0564266129015019,FALSE,FALSE,TRUE
"mediator_model_RQ1_H1","ALG26-065",3.51780699161102,0.482193008388982,0.914909082475789,0.914434685654836,0.00584729053280032,0.0271825465378972,FALSE,FALSE,FALSE
"mediator_model_RQ1_H1","ALG26-066",3.57622779207235,0.590438874594315,1.10879706656932,1.1096081223128,0.00213679840143142,0.00690415558189779,FALSE,FALSE,FALSE
"mediator_model_RQ1_H1","ALG26-067",3.55930960730177,-0.559309607301773,-1.05951066942697,-1.05992446794875,0.00690796271845198,0.024023628908655,FALSE,FALSE,FALSE
"mediator_model_RQ1_H1","ALG26-069",2.95056736278756,0.216099303879111,0.413503757544835,0.412416340233133,0.00194318172787778,0.0434818203436164,FALSE,FALSE,FALSE
"mediator_model_RQ1_H1","ALG26-070",3.72720300534459,-0.227203005344594,-0.42847529860151,-0.427365576747136,0.00071121103130361,0.0152590983497221,FALSE,FALSE,FALSE
"mediator_model_RQ1_H1","ALG26-071",3.39896932213723,-0.898969322137228,-1.69671519681602,-1.70695965896447,0.0123392265374672,0.0168557191615771,FALSE,FALSE,FALSE
"mediator_model_RQ1_H1","ALG26-073",3.93992569429781,0.560074305702192,1.0573208127801,1.05771812894546,0.00491871770299311,0.0172950362588075,FALSE,FALSE,FALSE
"mediator_model_RQ1_H1","ALG26-074",2.87661509905517,-0.709948432388508,-1.34833698743029,-1.35186337441993,0.0135926790013377,0.0290382394570956,FALSE,FALSE,FALSE
"mediator_model_RQ1_H1","ALG26-075",3.71822889648326,-0.551562229816598,-1.03936641091602,-1.03963225482286,0.00375888800609183,0.0137271101306828,FALSE,FALSE,FALSE
"mediator_model_RQ1_H1","ALG26-076",3.40928329238681,-0.409283292386811,-0.778517350249872,-0.777542539804792,0.00501567112473689,0.032041239393304,FALSE,FALSE,FALSE
"mediator_model_RQ1_H1","ALG26-078",3.52153949129639,0.645127175370279,1.23004745735268,1.23206206135546,0.0143829664803314,0.0366317001814194,FALSE,FALSE,FALSE
"mediator_model_RQ1_H1","ALG26-079",3.36141531434546,-0.194748647678792,-0.366357670560498,-0.36535168314763,0.000350756384180868,0.010345196278663,FALSE,FALSE,FALSE
"mediator_model_RQ1_H1","ALG26-080",2.62612229409658,-0.292788960763242,-0.559775617854426,-0.558555508286373,0.00342285729988113,0.0418646710429873,FALSE,FALSE,FALSE
"mediator_model_RQ1_H1","ALG26-081",3.87796211040322,-0.544628777069887,-1.03533785010021,-1.03557508486207,0.00853585487313261,0.0308691898632348,FALSE,FALSE,FALSE
"mediator_model_RQ1_H1","ALG26-082",4.29806427638911,-0.298064276389109,-0.571159426503601,-0.569937771124402,0.00395171265695177,0.0462148155112641,FALSE,FALSE,FALSE
"mediator_model_RQ1_H1","ALG26-083",4.24226708387327,-0.575600417206599,-1.09266215211661,-1.09333755090927,0.00863379614643108,0.0281129095144175,FALSE,FALSE,FALSE
"mediator_model_RQ1_H1","ALG26-084",3.08682503752722,-0.586825037527216,-1.1083026906847,-1.10910950757453,0.00567604918193301,0.0181482717995711,FALSE,FALSE,FALSE
"mediator_model_RQ1_H1","ALG26-085",4.29199388103992,0.208006118960076,0.395416346189674,0.39435821577132,0.00124450817728086,0.0308558067867761,FALSE,FALSE,FALSE
"mediator_model_RQ1_H1","ALG26-086",2.90659885672691,-0.0732655233935733,-0.138556462128909,-0.138125688107351,0.000101726698142566,0.0207554676799878,FALSE,FALSE,FALSE
"mediator_model_RQ1_H1","ALG26-087",4.01880746296298,0.147859203703692,0.279084373315415,0.278268389451164,0.000335947180806308,0.016960203247565,FALSE,FALSE,FALSE
"mediator_model_RQ1_H1","ALG26-088",3.52901374538687,-0.862347078720199,-1.61944334117187,-1.62787725361647,0.0045780498207691,0.00693405177418725,FALSE,FALSE,FALSE
"mediator_model_RQ1_H1","ALG26-089",3.21733928259563,0.115994050737708,0.219969357766098,0.219305730351342,0.000324809444181932,0.0261490994170692,FALSE,FALSE,FALSE
"mediator_model_RQ1_H1","ALG26-090",3.5643819683754,0.935618031624604,1.76460279816133,1.77660328022446,0.0121960758200626,0.0154253430975966,FALSE,FALSE,FALSE
"mediator_model_RQ1_H1","ALG26-092",3.66773731049642,-0.00107064382975367,-0.00204329577104825,-0.00203681940838369,4.17347855674245e-08,0.0384475511779129,FALSE,FALSE,FALSE
"mediator_model_RQ1_H1","ALG26-093",2.86333341794041,-0.196666751273739,-0.371388239258312,-0.370372791915987,0.00062886338878471,0.0179106363749915,FALSE,FALSE,FALSE
"mediator_model_RQ1_H1","ALG26-094",3.48144073434693,0.351892598986407,0.661166303724745,0.659984310612279,0.000873067269971551,0.00792557046109263,FALSE,FALSE,FALSE
"mediator_model_RQ1_H1","ALG26-095",4.26653941055027,-0.0998727438835991,-0.193353611094829,-0.192763568339445,0.000656123393867195,0.0655957559615033,FALSE,FALSE,TRUE
"mediator_model_RQ1_H1","ALG26-096",2.32231304842679,0.344353618239881,0.667787757620925,0.666612541901662,0.00822726888978257,0.0687252907366294,FALSE,FALSE,TRUE
"mediator_model_RQ1_H1","ALG26-097",3.86884514540105,0.631154854598947,1.19695056048277,1.19860337031996,0.0096407758538151,0.0262110485541452,FALSE,FALSE,FALSE
"mediator_model_RQ1_H1","ALG26-098",3.67675827946903,-0.510091612802362,-0.960020581677069,-0.95978109273534,0.00262471916270539,0.0112632166206116,FALSE,FALSE,FALSE
"mediator_model_RQ1_H1","ALG26-099",2.71519792082727,0.78480207917273,1.48845491201729,1.49425041354849,0.0150007440295989,0.0263691275398457,FALSE,FALSE,FALSE
"mediator_model_RQ1_H1","ALG26-100",4.04828940013942,0.118377266527251,0.226543969589705,0.225862606097544,0.000586846263389512,0.0437377400339641,FALSE,FALSE,FALSE
"mediator_model_RQ1_H1","ALG26-101",3.60394690615305,0.229386427180286,0.431957157872518,0.43084250770425,0.000583679237552835,0.0123581193204362,FALSE,FALSE,FALSE
"mediator_model_RQ1_H1","ALG26-103",2.93255514771186,-0.599221814378522,-1.13100669102651,-1.13201360758694,0.00550296867163459,0.0169167518607544,FALSE,FALSE,FALSE
"mediator_model_RQ1_H1","ALG26-104",3.75754572737078,0.909120939295887,1.72643533363486,1.73742908215014,0.0221328900761314,0.0288459994136886,FALSE,FALSE,FALSE
"mediator_model_RQ1_H1","ALG26-105",2.81285669338832,0.853809973278345,1.62025200178675,1.62870385648453,0.0185383459559997,0.0274706267244912,FALSE,FALSE,FALSE
"mediator_model_RQ1_H1","ALG26-106",4.26600559137846,0.733994408621545,1.40217288084965,1.40650698090549,0.0206492282348129,0.0403170251590284,FALSE,FALSE,FALSE
"mediator_model_RQ1_H1","ALG26-107",3.78231426782805,0.0510190655052826,0.0968008546673357,0.0964968980890548,6.53425251547687e-05,0.0271362324481808,FALSE,FALSE,FALSE
"mediator_model_RQ1_H1","ALG26-108",4.33131071192744,-0.33131071192744,-0.630083522346941,-0.62887700603103,0.00324686278051106,0.0316772743531047,FALSE,FALSE,FALSE
"mediator_model_RQ1_H1","ALG26-109",3.73363236504823,0.266367634951768,0.509353944907283,0.508156883748062,0.00285861564485737,0.0422129189795055,FALSE,FALSE,FALSE
"mediator_model_RQ1_H1","ALG26-111",3.05189463768094,0.61477202898573,1.16265951377139,1.16396424509305,0.00718085267398675,0.0208065187501747,FALSE,FALSE,FALSE
"mediator_model_RQ1_H1","ALG26-112",3.52976367277229,0.970236327227708,1.82870872551609,1.84251581019279,0.0119987226561545,0.0141487259316573,FALSE,FALSE,FALSE
"mediator_model_RQ1_H1","ALG26-114",3.75355025936052,0.413116407306151,0.778530756844211,0.777555981174772,0.00212962656230258,0.0138595984911702,FALSE,FALSE,FALSE
"mediator_model_RQ1_H1","ALG26-115",3.11343525986803,0.0532314067986348,0.100259140438289,0.0999445403297338,3.24178389004381e-05,0.0127358942620504,FALSE,FALSE,FALSE
"mediator_model_RQ1_H1","ALG26-116",3.27736518857711,-0.444031855243776,-0.848065118105438,-0.84730777572791,0.00747282725353443,0.039902655762596,FALSE,FALSE,FALSE
"mediator_model_RQ1_H1","ALG26-118",2.84383848533561,-0.843838485335615,-1.59760234101449,-1.6055595220837,0.0149730914235578,0.0229277155707119,FALSE,FALSE,FALSE
"mediator_model_RQ1_H1","ALG26-120",3.61270490680076,-0.112704906800762,-0.213104526689884,-0.212459610384767,0.000236514043577029,0.020406911766945,FALSE,FALSE,FALSE
"mediator_model_RQ1_H1","ALG26-122",3.81950931126537,0.3471573554013,0.653279480847408,0.652090135635016,0.00118573090138729,0.01099127859357,FALSE,FALSE,FALSE
"mediator_model_RQ1_H1","ALG26-124",2.39734220522253,-0.897342205222526,-1.71534637958704,-1.72605705045122,0.0319096755754582,0.0415754216156889,FALSE,TRUE,FALSE
"mediator_model_RQ1_H1","ALG26-125",3.44277783481528,0.557222165184722,1.06352532221813,1.06396959215746,0.011351594279566,0.0385947021140106,FALSE,FALSE,FALSE
"mediator_model_RQ1_H1","ALG26-126",3.60833333719428,-0.441666670527617,-0.841639193097392,-0.840858565298231,0.00652628513968684,0.0355432305822483,FALSE,FALSE,FALSE
"mediator_model_RQ1_H1","ALG26-127",3.65951312902052,0.673820204312817,1.28642065043988,1.2891120307208,0.0168453043387096,0.0391237353584656,FALSE,FALSE,FALSE
"mediator_model_RQ1_H1","ALG26-128",4.06533557961607,-0.0653355796160744,-0.123523932158213,-0.123138359082219,7.85951512243121e-05,0.0201881360412201,FALSE,FALSE,FALSE
"mediator_model_RQ1_H1","ALG26-129",3.59683161641702,0.736501716916311,1.39063702204702,1.39479147594074,0.0086875249609796,0.017651997163355,FALSE,FALSE,FALSE
"mediator_model_RQ1_H1","ALG26-130",3.21256188852342,-0.545895221856749,-1.02662765713783,-1.02680413986581,0.0025984814749078,0.00976543911024558,FALSE,FALSE,FALSE
"mediator_model_RQ1_H1","ALG26-131",3.85918510650734,-0.19251843984067,-0.36399902125742,-0.362997529960978,0.000686615714676531,0.0203078032626883,FALSE,FALSE,FALSE
"mediator_model_RQ1_H1","ALG26-133",3.91932186995314,0.580678130046862,1.0958745045784,1.09657647160171,0.00509298955663658,0.0166803760334628,FALSE,FALSE,FALSE
"mediator_model_RQ1_H1","ALG26-134",3.10054454178424,0.732788791549097,1.38400273008508,1.38805550724707,0.00887003689572672,0.0181861462745902,FALSE,FALSE,FALSE
"mediator_model_RQ1_H1","ALG26-135",3.73018557764454,0.603147755688795,1.14595999994786,1.1471048423736,0.0100897457093506,0.0298164011839227,FALSE,FALSE,FALSE
"mediator_model_RQ1_H1","ALG26-136",3.52685995926015,-0.86019329259348,-1.61497037413484,-1.62330541932017,0.0042046991524976,0.00640728728004585,FALSE,FALSE,FALSE
"mediator_model_RQ1_H1","ALG26-137",3.0083022332165,0.658364433450164,1.25622085724536,1.25854003378554,0.0156113822507079,0.03806409300019,FALSE,FALSE,FALSE
"mediator_model_RQ1_H1","ALG26-138",3.43566254507925,0.0643374549207472,0.121106313140689,0.120728060552683,4.29740848948103e-05,0.0115843765069604,FALSE,FALSE,FALSE
"mediator_model_RQ1_H1","ALG26-139",3.01538552427601,-0.182052190942674,-0.344302179459073,-0.343339710485503,0.000630478626303532,0.0208309226224119,FALSE,FALSE,FALSE
"mediator_model_RQ1_H1","ALG26-140",3.22340967794481,-0.390076344611477,-0.735512326222712,-0.734439467815275,0.0020505519778709,0.0149353565325827,FALSE,FALSE,FALSE
"mediator_model_RQ1_H1","ALG26-141",3.63783241161249,-0.804499078279153,-1.52264366473636,-1.5290775917767,0.0132278583345039,0.0223127409007983,FALSE,FALSE,FALSE
"mediator_model_RQ1_H1","ALG26-142",2.59592242821123,-0.0959224282112276,-0.18226330412051,-0.181704708930891,0.000256548840637315,0.0299653140375516,FALSE,FALSE,FALSE
"mediator_model_RQ1_H1","ALG26-143",3.08969675236284,0.743636580970492,1.40512399401773,1.40950463538771,0.00959629511008005,0.0190709308497718,FALSE,FALSE,FALSE
"mediator_model_RQ1_H1","ALG26-144",3.1361608716629,0.530505795003765,0.997661517651806,0.997646675397087,0.00244167728481002,0.00971719794649781,FALSE,FALSE,FALSE
"mediator_model_RQ1_H1","ALG26-145",3.18836842063421,0.64496491269912,1.22103875415288,1.22295232411627,0.00871836550032823,0.0228557176485273,FALSE,FALSE,FALSE
"mediator_model_RQ1_H1","ALG26-146",3.60649165531074,-0.773158321977406,-1.45450495577566,-1.4597002496525,0.00556794286600016,0.0104178049890495,FALSE,FALSE,FALSE
"mediator_model_RQ1_H1","ALG26-147",4.48336281826304,0.349970515070291,0.669952840701268,0.668779961856148,0.00520175087367671,0.0443037956672971,FALSE,FALSE,FALSE
"mediator_model_RQ1_H1","ALG26-148",3.94387430219679,-0.443874302196793,-0.83759966706645,-0.836804742217983,0.00293512450597646,0.0164590950924835,FALSE,FALSE,FALSE
"mediator_model_RQ1_H1","ALG26-149",3.21647849774588,0.283521502254119,0.536165392137708,0.534952854927485,0.00151842650703328,0.0206907422992955,FALSE,FALSE,FALSE
"mediator_model_RQ1_H1","ALG26-150",2.81683729996383,-0.816837299963826,-1.54343907412163,-1.55027836817687,0.0115785965336135,0.0190710447371663,FALSE,FALSE,FALSE
"mediator_model_RQ1_H1","ALG26-151",3.13293019247282,-0.132930192472823,-0.249959755615391,-0.249216768448232,0.000149884900109991,0.00950452001113471,FALSE,FALSE,FALSE
"mediator_model_RQ1_H1","ALG26-152",3.52581506487331,0.307518268460027,0.579497437736372,0.578275541973923,0.00117101491220158,0.0137563618660612,FALSE,FALSE,FALSE
"mediator_model_RQ1_H1","ALG26-153",3.93989369562129,-0.106560362287955,-0.200937225443738,-0.200325936381128,0.000154192510641402,0.0150459099010564,FALSE,FALSE,FALSE
"mediator_model_RQ1_H1","ALG26-154",3.53625702982897,0.630409636837698,1.20329095466133,1.2050110851162,0.0145804054823989,0.0387202440139413,FALSE,FALSE,FALSE
"mediator_model_RQ1_H1","ALG26-155",3.16397598177316,-0.330642648439822,-0.632289957950854,-0.631084793300241,0.00441425549268869,0.0422975756125434,FALSE,FALSE,FALSE
"mediator_model_RQ1_H1","ALG26-156",2.81421369201834,-0.314213692018335,-0.607424345465007,-0.606207291948069,0.00618566974924331,0.0628454106434304,FALSE,FALSE,TRUE
"mediator_model_RQ1_H1","ALG26-157",2.89144349505207,-0.224776828385407,-0.424151580286558,-0.423048115492799,0.000751192482992606,0.0164276468719568,FALSE,FALSE,FALSE
"mediator_model_RQ1_H1","ALG26-158",4.14860377932248,-0.148603779322478,-0.284053916592275,-0.28322591236771,0.000872814101546645,0.0414747466065398,FALSE,FALSE,FALSE
"mediator_model_RQ1_H1","ALG26-159",3.17724052564616,-0.510573858979497,-0.966031830842371,-0.965826437695211,0.00517080853200402,0.0216827951033477,FALSE,FALSE,FALSE
"mediator_model_RQ1_H1","ALG26-160",3.81556070336638,0.517772629966951,0.975070012026238,0.974917146844187,0.00300048772950234,0.0124661468537412,FALSE,FALSE,FALSE
"mediator_model_RQ1_H1","ALG26-161",3.47533834032122,-0.308671673654555,-0.579717292326204,-0.578495400549768,0.000600609309906169,0.00709783661201048,FALSE,FALSE,FALSE
"mediator_model_RQ1_H1","ALG26-162",3.50736502665536,0.825968306677978,1.5531159603461,1.56014834920733,0.00576992096607951,0.00947734095978996,FALSE,FALSE,FALSE
"mediator_model_RQ1_H1","ALG26-163",2.77931529084858,-0.445981957515243,-0.848610318303228,-0.847854982330491,0.00608521962128221,0.0326951254770593,FALSE,FALSE,FALSE
"mediator_model_RQ1_H1","ALG26-165",2.86225652487705,-0.362256524877046,-0.684178450622306,-0.683022424067771,0.00216493636334038,0.018163745512663,FALSE,FALSE,FALSE
"mediator_model_RQ1_H1","ALG26-166",4.06713040138834,0.0995362652783265,0.188195808860805,0.187620337066777,0.000183571162565174,0.0203110678316097,FALSE,FALSE,FALSE
"mediator_model_RQ1_H1","ALG26-167",3.27212357940115,-0.272123579401148,-0.51543671336439,-0.514235517587025,0.00162114472722428,0.0238263845212908,FALSE,FALSE,FALSE
"mediator_model_RQ1_H1","ALG26-168",3.23235178812962,0.100981545203713,0.191241345353911,0.190657258188524,0.000220176549457842,0.0235143690051883,FALSE,FALSE,FALSE
"mediator_model_RQ1_H1","ALG26-169",3.19676745692747,-0.363434123594141,-0.686008316036081,-0.684854647688339,0.00203893200653683,0.0170349957713583,FALSE,FALSE,FALSE
"mediator_model_RQ1_H1","ALG26-170",3.32717084453157,0.3394958221351,0.63972414713029,0.63852396945819,0.00141642067898709,0.0136551211006302,FALSE,FALSE,FALSE
"mediator_model_RQ1_H1","ALG26-173",3.32792077191699,0.00541256141634143,0.0101649504193945,0.0101327351082406,1.82616043941569e-07,0.00701986808834126,FALSE,FALSE,FALSE
"mediator_model_RQ1_H1","ALG26-174",2.94087532521732,1.05912467478268,2.01738102508687,2.03739801173353,0.0365714537655031,0.0346968521059697,FALSE,TRUE,FALSE
"mediator_model_RQ1_H1","ALG26-175",3.56617679014766,-0.0661767901476623,-0.12464441654141,-0.124255455286795,5.03061484762916e-05,0.0127863489837552,FALSE,FALSE,FALSE
"mediator_model_RQ1_H1","ALG26-177",3.53123152886662,-0.364564862199958,-0.69429115288726,-0.69314870850359,0.00428906339243447,0.0343677389452348,FALSE,FALSE,FALSE
"mediator_model_RQ1_H1","ALG26-178",3.7333053993703,-0.0666387327036323,-0.126180164746011,-0.125786564434964,9.44339936572264e-05,0.0231751663298565,FALSE,FALSE,FALSE
"mediator_model_RQ1_H1","ALG26-179",3.04248270567736,-0.209149372344022,-0.396356459600951,-0.395296745515712,0.000999431892073282,0.0248157827248028,FALSE,FALSE,FALSE
"mediator_model_RQ1_H1","ALG26-180",2.84541719889427,0.154582801105735,0.29658826625328,0.295730539664032,0.00112354208241119,0.0486072703155465,FALSE,FALSE,FALSE
"mediator_model_RQ1_H1","ALG26-181",3.71754296645088,-0.217542966450877,-0.409253737074075,-0.408172974757839,0.000440971299896474,0.0104216193660648,FALSE,FALSE,FALSE
"mediator_model_RQ1_H1","ALG26-182",3.86172985566503,0.471603477668305,0.890576011143161,0.889989847205853,0.00361312909092412,0.017896121136654,FALSE,FALSE,FALSE
"mediator_model_RQ1_H1","ALG26-183",2.73110320988753,0.935563456779138,1.77884325863875,1.79123239157905,0.0255093260540285,0.0312392184870595,FALSE,TRUE,FALSE
"mediator_model_RQ1_H1","ALG26-184",2.98559148285639,0.181075183810275,0.350795674597871,0.349820054056154,0.00220367785470167,0.066842773654265,FALSE,FALSE,TRUE
"mediator_model_RQ1_H1","ALG26-185",3.34633881145842,-0.679672144791757,-1.28025941334639,-1.28287302533299,0.00536725031593571,0.0129289806996598,FALSE,FALSE,FALSE
"outcome_model_RQ2_H2","ALG26-001",67.5927976913755,-1.59279769137548,-0.166136894886454,-0.165621510516291,4.60220938316263e-05,0.00826796333938555,FALSE,FALSE,FALSE
"outcome_model_RQ2_H2","ALG26-002",60.7299999060168,1.77000009398318,0.186677167163604,0.186102359356456,0.000215594500515461,0.0300050766459132,FALSE,FALSE,FALSE
"outcome_model_RQ2_H2","ALG26-004",65.7181021595683,13.7818978404317,1.44978289421089,1.45493028387832,0.0107661348427038,0.0249713069450753,FALSE,FALSE,FALSE
"outcome_model_RQ2_H2","ALG26-005",73.6939594039692,1.80604059603083,0.19215338504041,0.191562981031062,0.000362920079381652,0.0468434793933164,FALSE,FALSE,FALSE
"outcome_model_RQ2_H2","ALG26-006",60.0607245824583,-1.56072458245828,-0.168008528642318,-0.167487671798284,0.000417765258627855,0.0689024777613276,FALSE,FALSE,TRUE
"outcome_model_RQ2_H2","ALG26-007",70.1550757509961,2.3449242490039,0.245746321211501,0.245009566338862,0.000216370957232543,0.0175988298083361,FALSE,FALSE,FALSE
"outcome_model_RQ2_H2","ALG26-008",69.8993582836818,5.60064171631817,0.600175815622687,0.598948864353976,0.0046344414912721,0.0604413715100805,FALSE,FALSE,FALSE
"outcome_model_RQ2_H2","ALG26-009",61.6098161742824,-4.10981617428239,-0.43404598415638,-0.432921289045509,0.00127220000114508,0.0326612277722957,FALSE,FALSE,FALSE
"outcome_model_RQ2_H2","ALG26-010",62.2480215731402,-10.7480215731402,-1.13673998508759,-1.13780600256769,0.00948879838127805,0.0354159602480805,FALSE,FALSE,FALSE
"outcome_model_RQ2_H2","ALG26-011",62.9797032486908,-12.9797032486908,-1.36356575540057,-1.36733688015467,0.00850179131317523,0.0223517182550636,FALSE,FALSE,FALSE
"outcome_model_RQ2_H2","ALG26-012",59.9558971827305,5.54410281726951,0.584571115328766,0.583341641233589,0.00207784309178498,0.029505377913202,FALSE,FALSE,FALSE
"outcome_model_RQ2_H2","ALG26-013",62.7921977403335,6.70780225966651,0.704649095569801,0.703514759002567,0.0022616734471007,0.0222676351738328,FALSE,FALSE,FALSE
"outcome_model_RQ2_H2","ALG26-014",78.6329474448657,7.36705255513431,0.769318792481894,0.768314364325946,0.00126589939421777,0.0105812421558174,FALSE,FALSE,FALSE
"outcome_model_RQ2_H2","ALG26-015",79.2215145916119,-1.7215145916119,-0.182070656111993,-0.181509050341255,0.000243320769714525,0.0354010431492673,FALSE,FALSE,FALSE
"outcome_model_RQ2_H2","ALG26-016",75.9783104291836,19.0216895708164,1.99762889826507,2.01705594200073,0.0176996585049321,0.0216959718769228,FALSE,FALSE,FALSE
"outcome_model_RQ2_H2","ALG26-017",70.2818194732972,-11.2818194732972,-1.19420352867995,-1.19583789205405,0.0109720151686871,0.0370430366596698,FALSE,FALSE,FALSE
"outcome_model_RQ2_H2","ALG26-018",84.7418504012919,-12.2418504012919,-1.30249645502552,-1.30541387165359,0.0166897566519567,0.0468827665004021,FALSE,FALSE,FALSE
"outcome_model_RQ2_H2","ALG26-019",59.8327625787479,-12.3327625787479,-1.33679607551251,-1.34018097273362,0.0317878875562436,0.0816764875013743,FALSE,TRUE,TRUE
"outcome_model_RQ2_H2","ALG26-020",82.0572589883955,-17.5572589883956,-1.84320460519428,-1.857533124448,0.0145928609199436,0.0210249502837372,FALSE,FALSE,FALSE
"outcome_model_RQ2_H2","ALG26-022",78.8085093098972,9.1914906901028,0.973883360612917,0.973722487483554,0.00767998912085171,0.0389116830438723,FALSE,FALSE,FALSE
"outcome_model_RQ2_H2","ALG26-023",72.1698310609637,2.33016893903626,0.24748397620723,0.246742685537675,0.000557065665564954,0.0434978869189296,FALSE,FALSE,FALSE
"outcome_model_RQ2_H2","ALG26-024",58.7787614765351,9.7212385234649,1.02111984733191,1.02125957876139,0.0047125281559482,0.0220986415048233,FALSE,FALSE,FALSE
"outcome_model_RQ2_H2","ALG26-025",67.9522555660039,6.04774443399609,0.636326912926512,0.635116686631649,0.00210957433733309,0.0253884284040243,FALSE,FALSE,FALSE
"outcome_model_RQ2_H2","ALG26-027",71.4639381230476,2.03606187695243,0.215045645467764,0.214391269688499,0.000313440378187703,0.0327785370468365,FALSE,FALSE,FALSE
"outcome_model_RQ2_H2","ALG26-029",72.624438313294,8.37556168670601,0.879008739429398,0.87836893530668,0.00321881092769171,0.0204044958434097,FALSE,FALSE,FALSE
"outcome_model_RQ2_H2","ALG26-031",80.0355811312736,11.9644188687264,1.26861696110811,1.27110206864145,0.0135225774542572,0.0403177170079139,FALSE,FALSE,FALSE
"outcome_model_RQ2_H2","ALG26-032",86.4379329037133,12.0620670962866,1.28444239318088,1.28712584563935,0.0168101388396972,0.048476532391287,FALSE,FALSE,FALSE
"outcome_model_RQ2_H2","ALG26-033",84.6927683099997,3.80723169000026,0.399174239238547,0.39810302257732,0.000600028998808715,0.0184806021951565,FALSE,FALSE,FALSE
"outcome_model_RQ2_H2","ALG26-034",69.6752387472566,4.82476125274336,0.504567944510401,0.503366764811768,0.000694355514339883,0.0134533428600115,FALSE,FALSE,FALSE
"outcome_model_RQ2_H2","ALG26-035",75.2760269900278,13.2239730099722,1.38595689447009,1.39006578428756,0.00693539421617465,0.0177325608106979,FALSE,FALSE,FALSE
"outcome_model_RQ2_H2","ALG26-037",77.0370012304327,-25.0370012304327,-2.61564639886337,-2.666039162481,0.0158066708745905,0.0114199497138988,FALSE,FALSE,FALSE
"outcome_model_RQ2_H2","ALG26-038",83.8651192118882,5.13488078811176,0.548770396862317,0.54754531665603,0.00352703518447547,0.0553201197075199,FALSE,FALSE,FALSE
"outcome_model_RQ2_H2","ALG26-039",51.1707016307627,12.3292983692373,1.30981335258941,1.31282794882247,0.0157878616576422,0.0439883502315295,FALSE,FALSE,FALSE
"outcome_model_RQ2_H2","ALG26-040",74.3793140826574,-6.37931408265736,-0.668260538679845,-0.667078317931176,0.00152198959005103,0.016755279491503,FALSE,FALSE,FALSE
"outcome_model_RQ2_H2","ALG26-041",88.5944242986982,-0.0944242986981717,-0.0099555348442446,-0.00992378180372735,6.00278182678564e-07,0.0293925319191888,FALSE,FALSE,FALSE
"outcome_model_RQ2_H2","ALG26-042",76.1563640919021,10.8436359080979,1.14858717130626,1.14976426456165,0.0105157603243414,0.0383274546508764,FALSE,FALSE,FALSE
"outcome_model_RQ2_H2","ALG26-043",63.0598588509736,-4.55985885097359,-0.478603125793796,-0.477424882629026,0.000963912204606387,0.0206069371078966,FALSE,FALSE,FALSE
"outcome_model_RQ2_H2","ALG26-044",84.5019497532485,4.49805024675155,0.474866264898263,0.473691838436929,0.00148704472017634,0.0319199831534312,FALSE,FALSE,FALSE
"outcome_model_RQ2_H2","ALG26-046",75.2280268921564,1.77197310784358,0.188394739133954,0.187815028071231,0.000338274841663465,0.0454866715342859,FALSE,FALSE,FALSE
"outcome_model_RQ2_H2","ALG26-047",86.1333944682628,13.8666055317372,1.4584091273831,1.46370567715375,0.0107244245372845,0.0245907693201814,FALSE,FALSE,FALSE
"outcome_model_RQ2_H2","ALG26-048",63.2953295104336,-0.795329510433613,-0.0836746682747063,-0.0834096226078346,3.62128957621967e-05,0.0252090652305545,FALSE,FALSE,FALSE
"outcome_model_RQ2_H2","ALG26-049",68.4742539070261,-0.974253907026106,-0.102039564095211,-0.101717451165404,3.47508140690433e-05,0.0164138404195918,FALSE,FALSE,FALSE
"outcome_model_RQ2_H2","ALG26-050",66.4295438194023,9.0704561805977,0.962841217961526,0.962616211772856,0.00822293064969735,0.0424660124616268,FALSE,FALSE,FALSE
"outcome_model_RQ2_H2","ALG26-051",76.2118464840369,0.788153515963062,0.0823202723854371,0.0820594581102994,1.5020656974126e-05,0.0109612140373147,FALSE,FALSE,FALSE
"outcome_model_RQ2_H2","ALG26-052",73.6454013521336,11.3545986478664,1.18847052159192,1.19004479515079,0.00434431210987994,0.0151455911294764,FALSE,FALSE,FALSE
"outcome_model_RQ2_H2","ALG26-053",76.4925318187207,-1.99253181872074,-0.209954619445593,-0.209314292719221,0.000256080508868615,0.0282267324923938,FALSE,FALSE,FALSE
"outcome_model_RQ2_H2","ALG26-054",75.941692814826,-15.941692814826,-1.67408153691526,-1.68383800907809,0.0123683586697276,0.021589859058256,FALSE,FALSE,FALSE
"outcome_model_RQ2_H2","ALG26-055",64.8776903410108,3.12230965898916,0.329563707783706,0.328626156282419,0.000707604767111207,0.0315471742445986,FALSE,FALSE,FALSE
"outcome_model_RQ2_H2","ALG26-056",88.7478065444137,1.75219345558633,0.185184591633322,0.184614053297463,0.000241687285197585,0.0340387661308666,FALSE,FALSE,FALSE
"outcome_model_RQ2_H2","ALG26-057",90.4463808445221,9.55361915547786,1.00994693833037,1.01001166149253,0.00729345296942511,0.0345183556206526,FALSE,FALSE,FALSE
"outcome_model_RQ2_H2","ALG26-058",68.8611754134428,3.13882458655719,0.328737665238795,0.327801895605502,0.000359265360569117,0.0163503427893952,FALSE,FALSE,FALSE
"outcome_model_RQ2_H2","ALG26-059",83.7330960956657,15.7669039043343,1.65751075405437,1.66687228519312,0.0133357651892931,0.0236952149414742,FALSE,FALSE,FALSE
"outcome_model_RQ2_H2","ALG26-060",71.4905812650128,-4.49058126501276,-0.468879645907098,-0.467711597759853,0.000459229503404691,0.0103362896483427,FALSE,FALSE,FALSE
"outcome_model_RQ2_H2","ALG26-061",61.9382037437681,-3.43820374376813,-0.360456102979355,-0.35945508785452,0.000485320773342213,0.0183340265886116,FALSE,FALSE,FALSE
"outcome_model_RQ2_H2","ALG26-062",55.4745329921917,9.0254670078083,0.95618669892739,0.955924140795078,0.00736138128245071,0.0386993059720088,FALSE,FALSE,FALSE
"outcome_model_RQ2_H2","ALG26-063",47.786873324514,17.213126675486,1.84619981188191,1.86061854479416,0.0451177369700838,0.0620765137393626,FALSE,TRUE,TRUE
"outcome_model_RQ2_H2","ALG26-064",84.904947028505,-0.904947028505037,-0.0969078420708171,-0.0966016145693772,0.000118020146184079,0.0591210398208106,FALSE,FALSE,FALSE
"outcome_model_RQ2_H2","ALG26-065",87.8810512401054,-1.38105124010534,-0.145831125537576,-0.145375799701648,0.000142133810161619,0.0323363771964643,FALSE,FALSE,FALSE
"outcome_model_RQ2_H2","ALG26-066",76.5072295242152,-8.00722952421522,-0.837887312749953,-0.837088315372676,0.00208495007183436,0.0146316413564638,FALSE,FALSE,FALSE
"outcome_model_RQ2_H2","ALG26-067",79.0514968299474,6.94850317005256,0.733200161549514,0.732115890046529,0.00343480521916924,0.0309577733712324,FALSE,FALSE,FALSE
"outcome_model_RQ2_H2","ALG26-069",77.0913695077839,-2.09136950778391,-0.222239842867343,-0.221565795916138,0.000460231415585083,0.0445169507417641,FALSE,FALSE,FALSE
"outcome_model_RQ2_H2","ALG26-070",78.6445932251221,-4.6445932251221,-0.486454028167349,-0.485268183740277,0.000789275740271106,0.0164033366227774,FALSE,FALSE,FALSE
"outcome_model_RQ2_H2","ALG26-071",64.9489873788296,-6.44898737882964,-0.68183386302581,-0.680667468418623,0.00334926594542559,0.0347691210546488,FALSE,FALSE,FALSE
"outcome_model_RQ2_H2","ALG26-073",78.217449985022,1.28255001497798,0.134867486120838,0.134445074001261,9.04032061112254e-05,0.0242481546634282,FALSE,FALSE,FALSE
"outcome_model_RQ2_H2","ALG26-074",71.9263219464209,-7.42632194642093,-0.787387332911399,-0.786430030707529,0.00519482087609189,0.0402105226567036,FALSE,FALSE,FALSE
"outcome_model_RQ2_H2","ALG26-075",70.1611774278855,-0.161177427885464,-0.0169160165299846,-0.0168620731736855,1.19601554300507e-06,0.0204704859458385,FALSE,FALSE,FALSE
"outcome_model_RQ2_H2","ALG26-076",74.1116525915754,3.38834740842463,0.358423707866145,0.357426672376852,0.000952718254550212,0.0357543369465827,FALSE,FALSE,FALSE
"outcome_model_RQ2_H2","ALG26-078",72.1221306193067,-17.6221306193067,-1.8739341150607,-1.88920409582507,0.0337544073975097,0.0458569683553547,FALSE,TRUE,FALSE
"outcome_model_RQ2_H2","ALG26-079",75.8792914618266,-6.37929146182658,-0.66637356496472,-0.665189332153236,0.00100466520562843,0.0111858888850956,FALSE,FALSE,FALSE
"outcome_model_RQ2_H2","ALG26-080",65.4240989758803,-3.92409897588026,-0.41683122744569,-0.415731722892942,0.00159041834601833,0.0437648640830147,FALSE,FALSE,FALSE
"outcome_model_RQ2_H2","ALG26-081",62.9222866323913,19.0777133676087,2.01983540820688,2.04007324169283,0.0317409071639763,0.0374440950787822,FALSE,TRUE,FALSE
"outcome_model_RQ2_H2","ALG26-082",91.5954931718202,7.90450682817982,0.841590731718139,0.840804932718835,0.0071710486346437,0.0481840987425407,FALSE,FALSE,FALSE
"outcome_model_RQ2_H2","ALG26-083",84.8406064523482,-9.84060645234818,-1.04079136761843,-1.04106917886298,0.00796408971320658,0.0354568733030359,FALSE,FALSE,FALSE
"outcome_model_RQ2_H2","ALG26-084",67.1745447566602,-9.17454475666017,-0.965514877454153,-0.965305190703564,0.00493399766989395,0.0257814534412447,FALSE,FALSE,FALSE
"outcome_model_RQ2_H2","ALG26-085",88.6518395022947,-9.65183950229475,-1.01890460997964,-1.01902927429429,0.0068228934116084,0.0318148552382972,FALSE,FALSE,FALSE
"outcome_model_RQ2_H2","ALG26-086",59.0006517511321,0.999348248867931,0.104905995036051,0.104575031085303,4.69253260414818e-05,0.0208744514264808,FALSE,FALSE,FALSE
"outcome_model_RQ2_H2","ALG26-087",81.9019389322256,3.09806106777443,0.32464905206131,0.323722164842653,0.000374254851592423,0.0174448050807011,FALSE,FALSE,FALSE
"outcome_model_RQ2_H2","ALG26-088",72.4874268740818,-2.98742687408185,-0.314011457927604,-0.313108162511941,0.00047288526959629,0.0234176689496351,FALSE,FALSE,FALSE
"outcome_model_RQ2_H2","ALG26-089",57.653500456859,14.346499543141,1.51031962964224,1.51655942713559,0.0123933923675806,0.026447335204899,FALSE,FALSE,FALSE
"outcome_model_RQ2_H2","ALG26-090",67.9383787307744,3.56162126922561,0.376572209191959,0.37554065639336,0.0010234446714568,0.0348290851647766,FALSE,FALSE,FALSE
"outcome_model_RQ2_H2","ALG26-092",90.6241751772297,3.87582482277028,0.410563464546127,0.409473722744287,0.00134798977718338,0.0384475765863741,FALSE,FALSE,FALSE
"outcome_model_RQ2_H2","ALG26-093",62.7481032111471,-1.74810321114708,-0.183309028458056,-0.18274386625868,0.000128541483517077,0.0187679707046003,FALSE,FALSE,FALSE
"outcome_model_RQ2_H2","ALG26-094",77.2400267272525,-13.2400267272525,-1.38267781263826,-1.38673639080732,0.00412391700125598,0.0106703571087244,FALSE,FALSE,FALSE
"outcome_model_RQ2_H2","ALG26-095",66.9986854090011,-10.4986854090011,-1.12829211016563,-1.1292808196498,0.0179381718613175,0.0658168526766175,FALSE,FALSE,TRUE
"outcome_model_RQ2_H2","ALG26-096",55.5704996538687,-0.0704996538687149,-0.00759914039120233,-0.00757490204025752,8.87411967131121e-07,0.0713537280749517,FALSE,FALSE,TRUE
"outcome_model_RQ2_H2","ALG26-097",78.8043418571726,-6.30434185717258,-0.666634792195504,-0.665450835210903,0.0032275580745725,0.0350410379225045,FALSE,FALSE,FALSE
"outcome_model_RQ2_H2","ALG26-098",75.9453023135864,-4.94530231358636,-0.518114213949273,-0.51690362894459,0.000930192818598945,0.0170306779605783,FALSE,FALSE,FALSE
"outcome_model_RQ2_H2","ALG26-099",63.1749535871704,-8.67495358717045,-0.919684893968119,-0.919230753849343,0.00705245186951686,0.0400215153570611,FALSE,FALSE,FALSE
"outcome_model_RQ2_H2","ALG26-100",85.6812793940615,14.3187206059385,1.52120903449928,1.52765680356633,0.0213256155653889,0.0440483568340979,FALSE,FALSE,FALSE
"outcome_model_RQ2_H2","ALG26-101",78.0377192545629,-8.03771925456292,-0.840605668577099,-0.839816337309256,0.0019375284644803,0.0135244555356118,FALSE,FALSE,FALSE
"outcome_model_RQ2_H2","ALG26-103",58.8489411937225,0.651058806277518,0.0684845968025534,0.0682671642788368,2.39295052694109e-05,0.0248758444549459,FALSE,FALSE,FALSE
"outcome_model_RQ2_H2","ALG26-104",67.712878957417,-5.71287895741704,-0.607923738065506,-0.606699074974601,0.00365883237813208,0.0471662600608722,FALSE,FALSE,FALSE
"outcome_model_RQ2_H2","ALG26-105",64.2275427115302,10.2724572884698,1.091098349849,1.09176514470901,0.010862048591622,0.0436294887839682,FALSE,FALSE,FALSE
"outcome_model_RQ2_H2","ALG26-106",88.4490769217757,-1.44907692177573,-0.154614148786981,-0.154132695372775,0.000263632731582707,0.052258936150598,FALSE,FALSE,FALSE
"outcome_model_RQ2_H2","ALG26-107",85.1659438897407,-23.1659438897407,-2.4397173076382,-2.47938879254185,0.0332778074547453,0.0271939294606081,FALSE,TRUE,FALSE
"outcome_model_RQ2_H2","ALG26-108",79.4037357070551,-6.4037357070551,-0.676818608981047,-0.675646088524344,0.00323544120389027,0.0341103705623669,FALSE,FALSE,FALSE
"outcome_model_RQ2_H2","ALG26-109",85.2821541534241,1.71784584657586,0.182477449079033,0.181914674468299,0.00030494732032892,0.0437856383507436,FALSE,FALSE,FALSE
"outcome_model_RQ2_H2","ALG26-111",62.2427421792187,2.75725782078128,0.29067760341064,0.289828399451344,0.000507997919863394,0.0291840590568227,FALSE,FALSE,FALSE
"outcome_model_RQ2_H2","ALG26-112",79.6630640858327,-0.163064085832725,-0.0172425171018381,-0.0171875331808267,2.15756534138502e-06,0.0350149270627182,FALSE,FALSE,FALSE
"outcome_model_RQ2_H2","ALG26-114",83.1079135081487,-17.6079135081487,-1.845337351763,-1.85973007380344,0.0122313357280929,0.0176425712518004,FALSE,FALSE,FALSE
"outcome_model_RQ2_H2","ALG26-115",70.8684502222919,-5.3684502222919,-0.561240128149804,-0.560011944449593,0.00081674726795547,0.012798703599813,FALSE,FALSE,FALSE
"outcome_model_RQ2_H2","ALG26-116",85.0777534186649,14.9222465813351,1.58551344701695,1.59326295289181,0.0232902981313247,0.0442730094217538,FALSE,FALSE,FALSE
"outcome_model_RQ2_H2","ALG26-118",64.225343397478,3.77465660252205,0.399901638499618,0.39882920882885,0.00128801479762808,0.0387113489216374,FALSE,FALSE,FALSE
"outcome_model_RQ2_H2","ALG26-120",64.6949116520453,-4.19491165204532,-0.440316569559342,-0.439183304052979,0.000819157928554081,0.0206884737239469,FALSE,FALSE,FALSE
"outcome_model_RQ2_H2","ALG26-122",77.3415378727384,-17.3415378727384,-1.81375040097988,-1.82720940573965,0.00911372352893275,0.0136626918042372,FALSE,FALSE,FALSE
"outcome_model_RQ2_H2","ALG26-124",54.2511052359025,-8.75110523590251,-0.937278406024976,-0.936913593679525,0.0111003197815997,0.0594240363784941,FALSE,FALSE,FALSE
"outcome_model_RQ2_H2","ALG26-125",85.233892551955,14.766107448045,1.569912728088,1.57733469405559,0.0234848759404304,0.0454771842626174,FALSE,FALSE,FALSE
"outcome_model_RQ2_H2","ALG26-126",59.3246093320343,2.67539066796565,0.283611728319756,0.282779510720459,0.000667978106973701,0.0398671498976227,FALSE,FALSE,FALSE
"outcome_model_RQ2_H2","ALG26-127",86.4831443730893,8.51685562691072,0.907265865159077,0.906751985134523,0.00851652508204685,0.0491878687599799,FALSE,FALSE,FALSE
"outcome_model_RQ2_H2","ALG26-128",80.0217010901962,6.47829890980379,0.679850231532895,0.678681374828104,0.00191373911447431,0.0202827571043173,FALSE,FALSE,FALSE
"outcome_model_RQ2_H2","ALG26-129",74.5665249337931,-8.06652493379312,-0.850610334839235,-0.849857612463456,0.00442562260015006,0.02967563409948,FALSE,FALSE,FALSE
"outcome_model_RQ2_H2","ALG26-130",71.1849290952205,-12.6849290952205,-1.32854116458438,-1.33181076790129,0.00587520151620372,0.0163709576023415,FALSE,FALSE,FALSE
"outcome_model_RQ2_H2","ALG26-131",68.3874386738898,1.61256132611024,0.169299716083378,0.16877509046338,0.000123738063170831,0.021129351359176,FALSE,FALSE,FALSE
"outcome_model_RQ2_H2","ALG26-133",80.7248050191751,-19.7248050191751,-2.07407676402687,-2.09638072771821,0.0212959152203385,0.0241544822580335,FALSE,FALSE,FALSE
"outcome_model_RQ2_H2","ALG26-134",62.9053596650686,-13.4053596650686,-1.41388842709818,-1.4184378174684,0.0124032086809866,0.0300888592901207,FALSE,FALSE,FALSE
"outcome_model_RQ2_H2","ALG26-135",64.2097920485366,0.790207951463413,0.0836814979819528,0.0834164309851393,5.51405546153187e-05,0.0378801271223199,FALSE,FALSE,FALSE
"outcome_model_RQ2_H2","ALG26-136",70.7233992957359,-5.72339929573591,-0.601404794384417,-0.600178159777893,0.00168843404427035,0.022808668771089,FALSE,FALSE,FALSE
"outcome_model_RQ2_H2","ALG26-137",66.6173126245023,-0.617312624502283,-0.0657074307417971,-0.065498737734124,4.32249150225641e-05,0.0476718287318283,FALSE,FALSE,FALSE
"outcome_model_RQ2_H2","ALG26-138",78.3627955687996,-4.86279556879959,-0.508088087578146,-0.506884291588132,0.00060996877898885,0.0116761286212318,FALSE,FALSE,FALSE
"outcome_model_RQ2_H2","ALG26-139",68.6007329198816,3.89926708011839,0.409467807807805,0.408379804379433,0.000739092473248037,0.0215655720533042,FALSE,FALSE,FALSE
"outcome_model_RQ2_H2","ALG26-140",60.5971541263844,-16.5971541263844,-1.73999769731201,-1.75141684251049,0.0112926588332225,0.0183081329693775,FALSE,FALSE,FALSE
"outcome_model_RQ2_H2","ALG26-141",83.0086316244909,-2.00863162449094,-0.212575359689156,-0.211927787728492,0.00034391943487859,0.0366590250497002,FALSE,FALSE,FALSE
"outcome_model_RQ2_H2","ALG26-142",61.6233997649933,-12.6233997649933,-1.33146884129878,-1.33477913101794,0.0110296267953059,0.0301692663599103,FALSE,FALSE,FALSE
"outcome_model_RQ2_H2","ALG26-143",74.0597850776356,1.94021492236442,0.204769022437925,0.204143112354905,0.000271221302031773,0.0313286542627203,FALSE,FALSE,FALSE
"outcome_model_RQ2_H2","ALG26-144",71.470600959749,1.52939904025099,0.160145999440113,0.159648205806547,8.31684743708243e-05,0.0159555314889665,FALSE,FALSE,FALSE
"outcome_model_RQ2_H2","ALG26-145",74.7187912715802,-5.21879127158016,-0.551000532718265,-0.549774776469152,0.00201223090771337,0.0320763457190517,FALSE,FALSE,FALSE
"outcome_model_RQ2_H2","ALG26-146",77.0503219048429,-19.0503219048429,-2.0026553704312,-2.02226417635999,0.0194450090459529,0.0236680892794534,FALSE,FALSE,FALSE
"outcome_model_RQ2_H2","ALG26-147",87.5229671907134,9.47703280928663,1.00839999105566,1.0084545219349,0.010034175697302,0.047018679429957,FALSE,FALSE,FALSE
"outcome_model_RQ2_H2","ALG26-148",78.0515978829373,-1.5515978829373,-0.162874074898244,-0.162368257138684,0.000112846298841627,0.02082634789134,FALSE,FALSE,FALSE
"outcome_model_RQ2_H2","ALG26-149",76.8977587362475,9.10224126375254,0.956283152271858,0.956021132573796,0.00420461618357418,0.0224725479397023,FALSE,FALSE,FALSE
"outcome_model_RQ2_H2","ALG26-150",62.1495619724504,2.85043802754963,0.301227337270934,0.300353288977616,0.000636027036006757,0.0338607476050201,FALSE,FALSE,FALSE
"outcome_model_RQ2_H2","ALG26-151",66.5579578173063,-10.5579578173064,-1.102153800982,-1.10291317421282,0.0024282998096031,0.00989620379697646,FALSE,FALSE,FALSE
"outcome_model_RQ2_H2","ALG26-152",74.1624117506081,-20.6624117506081,-2.16348340804532,-2.18946669896444,0.0150791229207323,0.0158525495642495,FALSE,FALSE,FALSE
"outcome_model_RQ2_H2","ALG26-153",75.5963750721697,-2.59637507216967,-0.271780051995038,-0.270976879039275,0.000229500524096289,0.0152976078655687,FALSE,FALSE,FALSE
"outcome_model_RQ2_H2","ALG26-154",84.1763190713373,-11.1763190713373,-1.18953067001387,-1.19111599792229,0.0141218625700671,0.0475293941852868,FALSE,FALSE,FALSE
"outcome_model_RQ2_H2","ALG26-155",72.3645587726897,13.6354412273103,1.44912781927126,1.45426396873553,0.0196618025763721,0.0447208693984715,FALSE,FALSE,FALSE
"outcome_model_RQ2_H2","ALG26-156",81.4115712952743,16.5884287047257,1.78200925178437,1.79456658966657,0.0441767361755471,0.0650338702655102,FALSE,TRUE,TRUE
"outcome_model_RQ2_H2","ALG26-157",66.0603715632762,-1.06037156327624,-0.111123254371782,-0.110773149682527,4.41108634327128e-05,0.0175475782290896,FALSE,FALSE,FALSE
"outcome_model_RQ2_H2","ALG26-158",68.3929827772568,3.1070172227432,0.329727708190392,0.328789803431676,0.000952442004579011,0.0419642413540082,FALSE,FALSE,FALSE
"outcome_model_RQ2_H2","ALG26-159",61.6380956773429,-3.6380956773429,-0.383198043951765,-0.38215447322031,0.000829255952968743,0.0274611668400586,FALSE,FALSE,FALSE
"outcome_model_RQ2_H2","ALG26-160",74.6741377561684,13.3258622438316,1.39711640551646,1.40139871575378,0.00732125341807371,0.0184086101165103,FALSE,FALSE,FALSE
"outcome_model_RQ2_H2","ALG26-161",69.9753468136819,-8.97534681368187,-0.936619135029642,-0.936250874969438,0.00163088561502557,0.00920977809232313,FALSE,FALSE,FALSE
"outcome_model_RQ2_H2","ALG26-162",80.1337456942999,6.86625430570013,0.722156044203403,0.721051069729381,0.0026304873459225,0.024599544987959,FALSE,FALSE,FALSE
"outcome_model_RQ2_H2","ALG26-163",72.301038305914,-4.80103830591403,-0.508215740315737,-0.507011851707251,0.00199052195193906,0.037103950932261,FALSE,FALSE,FALSE
"outcome_model_RQ2_H2","ALG26-165",61.2994389782432,11.2005610217568,1.17589129525332,1.17733638269118,0.00595294419177107,0.0210725917168098,FALSE,FALSE,FALSE
"outcome_model_RQ2_H2","ALG26-166",82.0583745158821,-2.0583745158821,-0.216038732328912,-0.215381628359549,0.00019566163314767,0.0205306772741911,FALSE,FALSE,FALSE
"outcome_model_RQ2_H2","ALG26-167",61.9687178880915,25.5312821119085,2.68644016879284,2.74162563683247,0.0377206979912935,0.0254678081329714,FALSE,TRUE,FALSE
"outcome_model_RQ2_H2","ALG26-168",69.2927472294234,-3.29274722942339,-0.346161192097093,-0.345188761713665,0.000582786533965812,0.023740402266109,FALSE,FALSE,FALSE
"outcome_model_RQ2_H2","ALG26-169",58.8153772977478,1.18462270225217,0.124297218574104,0.12390683196822,6.29406707381555e-05,0.0199627844703263,FALSE,FALSE,FALSE
"outcome_model_RQ2_H2","ALG26-170",68.9144231643148,-11.4144231643148,-1.19537837002435,-1.19702514165963,0.0047088980782912,0.0162099227923342,FALSE,FALSE,FALSE
"outcome_model_RQ2_H2","ALG26-173",68.7236046075635,2.77639539243652,0.289410191470525,0.288564014192191,0.000118436751139457,0.00702051746100338,FALSE,FALSE,FALSE
"outcome_model_RQ2_H2","ALG26-174",71.9864976238818,5.51350237611817,0.590561337608651,0.589332505558474,0.00441769091756987,0.0595615106034947,FALSE,FALSE,FALSE
"outcome_model_RQ2_H2","ALG26-175",66.0084990503437,0.99150094965626,0.10366008360739,0.1033329648149,2.8048904331877e-05,0.0128834222679889,FALSE,FALSE,FALSE
"outcome_model_RQ2_H2","ALG26-177",76.6603520594778,4.33964794052219,0.459425146339373,0.458267823851454,0.00163622845766416,0.0373137742177142,FALSE,FALSE,FALSE
"outcome_model_RQ2_H2","ALG26-178",84.2093218074999,14.2906781925001,1.50199684120661,1.50808007283143,0.0107512426939858,0.0232735995709625,FALSE,FALSE,FALSE
"outcome_model_RQ2_H2","ALG26-179",71.739933758695,1.26006624130499,0.132607687970874,0.132192099164177,9.30864962723674e-05,0.0257854024858018,FALSE,FALSE,FALSE
"outcome_model_RQ2_H2","ALG26-180",49.535647416988,-12.535647416988,-1.33533559299176,-1.33869996241632,0.0184289690388008,0.0491369467750676,FALSE,FALSE,FALSE
"outcome_model_RQ2_H2","ALG26-181",71.060942260494,-3.56094226049396,-0.372025565511001,-0.371002442336752,0.00032119821623828,0.011470626446126,FALSE,FALSE,FALSE
"outcome_model_RQ2_H2","ALG26-182",73.066545761479,19.933454238521,2.09459117939977,2.11770883722075,0.020496881452952,0.0228260689799675,FALSE,FALSE,FALSE
"outcome_model_RQ2_H2","ALG26-183",57.0577161057369,-0.557716105736857,-0.0594566620715538,-0.0592676744187249,3.77137838333124e-05,0.0506406969695192,FALSE,FALSE,FALSE
"outcome_model_RQ2_H2","ALG26-184",45.3316523068912,10.1683476931088,1.09381735361683,1.09450667630912,0.0173402061206536,0.0675695590571635,FALSE,FALSE,TRUE
"outcome_model_RQ2_H2","ALG26-185",61.8311470822122,-0.831147082212156,-0.0873515750185357,-0.0870750568721776,3.61953867248378e-05,0.023168681563592,FALSE,FALSE,FALSE
