"wave","study_id","response_id","duration_sec","short_duration_flag","straightline_all_items","straightline_lcu","straightline_srl","excluded_by_quality_flag"
"T1","ALG26-006","T1R-0005",38,,FALSE,FALSE,FALSE,FALSE
"T1","ALG26-007","T1R-0006",44,,FALSE,FALSE,FALSE,FALSE
"T1","ALG26-049","T1R-0048",55,,FALSE,FALSE,FALSE,FALSE
"T1","ALG26-094","T1R-0091",55,,FALSE,FALSE,FALSE,FALSE
"T1","ALG26-086","T1R-0083",78,,FALSE,FALSE,FALSE,FALSE
"T1","ALG26-102","T1R-0099",80,,FALSE,FALSE,FALSE,FALSE
"T1","ALG26-019","T1R-0018",81,,FALSE,FALSE,FALSE,FALSE
"T1","ALG26-154","T1R-0150",81,,FALSE,FALSE,FALSE,FALSE
"T1","ALG26-149","T1R-0145",82,,FALSE,FALSE,FALSE,FALSE
"T1","ALG26-126","T1R-0122",84,,FALSE,FALSE,FALSE,FALSE
"T1","ALG26-167","T1R-0163",86,,FALSE,FALSE,FALSE,FALSE
"T1","ALG26-053","T1R-0052",87,,FALSE,FALSE,FALSE,FALSE
"T1","ALG26-135","T1R-0131",87,,FALSE,TRUE,FALSE,FALSE
"T1","ALG26-157","T1R-0153",87,,FALSE,FALSE,FALSE,FALSE
"T1","ALG26-143","T1R-0139",90,,FALSE,FALSE,FALSE,FALSE
"T1","ALG26-088","T1R-0085",92,,FALSE,FALSE,FALSE,FALSE
"T1","ALG26-068","T1R-0067",97,,FALSE,FALSE,FALSE,FALSE
"T1","ALG26-182","T1R-0177",97,,FALSE,FALSE,FALSE,FALSE
"T1","ALG26-141","T1R-0137",98,,FALSE,FALSE,FALSE,FALSE
"T1","ALG26-082","T1R-0079",99,,FALSE,FALSE,FALSE,FALSE
"T1","ALG26-055","T1R-0054",101,,FALSE,FALSE,FALSE,FALSE
"T1","ALG26-181","T1R-0176",103,,FALSE,FALSE,FALSE,FALSE
"T1","ALG26-090","T1R-0087",104,,FALSE,FALSE,FALSE,FALSE
"T1","ALG26-111","T1R-0108",104,,FALSE,FALSE,FALSE,FALSE
"T1","ALG26-153","T1R-0149",108,,FALSE,FALSE,TRUE,FALSE
"T1","ALG26-109","T1R-0106",109,,FALSE,FALSE,FALSE,FALSE
"T1","ALG26-158","T1R-0154",110,,FALSE,FALSE,FALSE,FALSE
"T1","ALG26-092","T1R-0089",111,,FALSE,FALSE,FALSE,FALSE
"T1","ALG26-173","T1R-0169",112,,FALSE,FALSE,FALSE,FALSE
"T1","ALG26-169","T1R-0165",113,,FALSE,FALSE,FALSE,FALSE
"T1","ALG26-145","T1R-0141",114,,FALSE,FALSE,FALSE,FALSE
"T1","ALG26-017","T1R-0016",115,,FALSE,FALSE,FALSE,FALSE
"T1","ALG26-018","T1R-0017",115,,FALSE,FALSE,FALSE,FALSE
"T1","ALG26-133","T1R-0129",117,,FALSE,FALSE,FALSE,FALSE
"T1","ALG26-134","T1R-0130",119,,FALSE,FALSE,FALSE,FALSE
"T1","ALG26-013","T1R-0012",121,,FALSE,TRUE,FALSE,FALSE
"T1","ALG26-087","T1R-0084",121,,FALSE,FALSE,FALSE,FALSE
"T1","ALG26-038","T1R-0037",122,,FALSE,FALSE,FALSE,FALSE
"T1","ALG26-083","T1R-0080",122,,FALSE,FALSE,FALSE,FALSE
"T1","ALG26-177","T1R-0172",122,,FALSE,FALSE,FALSE,FALSE
"T1","ALG26-124","T1R-0120",123,,FALSE,FALSE,FALSE,FALSE
"T1","ALG26-129","T1R-0125",123,,FALSE,FALSE,FALSE,FALSE
"T1","ALG26-044","T1R-0043",124,,FALSE,FALSE,FALSE,FALSE
"T1","ALG26-066","T1R-0065",124,,FALSE,FALSE,FALSE,FALSE
"T1","ALG26-002","T1R-0002",126,,FALSE,FALSE,FALSE,FALSE
"T1","ALG26-005","T1R-0004",127,,FALSE,FALSE,FALSE,FALSE
"T1","ALG26-106","T1R-0103",127,,FALSE,TRUE,FALSE,FALSE
"T1","ALG26-146","T1R-0142",127,,FALSE,FALSE,FALSE,FALSE
"T1","ALG26-029","T1R-0028",128,,FALSE,FALSE,FALSE,FALSE
"T1","ALG26-096","T1R-0093",130,,FALSE,FALSE,TRUE,FALSE
"T1","ALG26-131","T1R-0127",130,,FALSE,FALSE,FALSE,FALSE
"T1","ALG26-140","T1R-0136",131,,FALSE,FALSE,FALSE,FALSE
"T1","ALG26-171","T1R-0167",131,,FALSE,FALSE,FALSE,FALSE
"T1","ALG26-073","T1R-0071",133,,FALSE,FALSE,FALSE,FALSE
"T1","ALG26-034","T1R-0033",136,,FALSE,FALSE,FALSE,FALSE
"T1","ALG26-059","T1R-0058",136,,FALSE,FALSE,FALSE,FALSE
"T1","ALG26-151","T1R-0147",138,,FALSE,FALSE,FALSE,FALSE
"T1","ALG26-150","T1R-0146",142,,FALSE,FALSE,FALSE,FALSE
"T1","ALG26-159","T1R-0155",143,,FALSE,FALSE,FALSE,FALSE
"T1","ALG26-085","T1R-0082",144,,FALSE,FALSE,FALSE,FALSE
"T1","ALG26-125","T1R-0121",150,,FALSE,FALSE,FALSE,FALSE
"T1","ALG26-101","T1R-0098",151,,FALSE,FALSE,FALSE,FALSE
"T1","ALG26-001","T1R-0001",154,,FALSE,FALSE,FALSE,FALSE
"T1","ALG26-105","T1R-0102",156,,FALSE,FALSE,FALSE,FALSE
"T1","ALG26-074","T1R-0072",159,,FALSE,FALSE,FALSE,FALSE
"T1","ALG26-128","T1R-0124",159,,FALSE,FALSE,FALSE,FALSE
"T1","ALG26-016","T1R-0015",160,,FALSE,FALSE,FALSE,FALSE
"T1","ALG26-028","T1R-0027",161,,FALSE,FALSE,FALSE,FALSE
"T1","ALG26-119","T1R-0116",161,,FALSE,FALSE,FALSE,FALSE
"T1","ALG26-015","T1R-0014",162,,FALSE,FALSE,FALSE,FALSE
"T1","ALG26-032","T1R-0031",163,,FALSE,FALSE,FALSE,FALSE
"T1","ALG26-166","T1R-0162",163,,FALSE,FALSE,FALSE,FALSE
"T1","ALG26-042","T1R-0041",164,,FALSE,FALSE,FALSE,FALSE
"T1","ALG26-084","T1R-0081",164,,FALSE,FALSE,FALSE,FALSE
"T1","ALG26-164","T1R-0160",164,,FALSE,FALSE,FALSE,FALSE
"T1","ALG26-025","T1R-0024",166,,FALSE,FALSE,FALSE,FALSE
"T1","ALG26-104","T1R-0101",166,,FALSE,FALSE,FALSE,FALSE
"T1","ALG26-170","T1R-0166",169,,FALSE,FALSE,FALSE,FALSE
"T1","ALG26-076","T1R-0074",170,,FALSE,FALSE,FALSE,FALSE
"T1","ALG26-010","T1R-0009",171,,FALSE,FALSE,FALSE,FALSE
"T1","ALG26-052","T1R-0051",172,,FALSE,FALSE,FALSE,FALSE
"T1","ALG26-027","T1R-0026",173,,FALSE,FALSE,FALSE,FALSE
"T1","ALG26-031","T1R-0030",175,,FALSE,FALSE,FALSE,FALSE
"T1","ALG26-138","T1R-0134",175,,FALSE,FALSE,FALSE,FALSE
"T1","ALG26-062","T1R-0061",177,,FALSE,FALSE,FALSE,FALSE
"T1","ALG26-103","T1R-0100",177,,FALSE,TRUE,FALSE,FALSE
"T1","ALG26-137","T1R-0133",179,,FALSE,FALSE,FALSE,FALSE
"T1","ALG26-039","T1R-0038",180,,FALSE,FALSE,FALSE,FALSE
"T1","ALG26-078","T1R-0075",181,,FALSE,FALSE,FALSE,FALSE
"T1","ALG26-152","T1R-0148",181,,FALSE,FALSE,FALSE,FALSE
"T1","ALG26-071","T1R-0070",183,,FALSE,FALSE,FALSE,FALSE
"T1","ALG26-014","T1R-0013",185,,FALSE,FALSE,FALSE,FALSE
"T1","ALG26-050","T1R-0049",186,,FALSE,FALSE,FALSE,FALSE
"T1","ALG26-051","T1R-0050",186,,FALSE,FALSE,TRUE,FALSE
"T1","ALG26-155","T1R-0151",186,,FALSE,FALSE,FALSE,FALSE
"T1","ALG26-004","T1R-0003",187,,FALSE,FALSE,FALSE,FALSE
"T1","ALG26-033","T1R-0032",187,,FALSE,FALSE,FALSE,FALSE
"T1","ALG26-118","T1R-0115",187,,FALSE,FALSE,FALSE,FALSE
"T1","ALG26-132","T1R-0128",189,,FALSE,FALSE,FALSE,FALSE
"T1","ALG26-139","T1R-0135",190,,FALSE,FALSE,FALSE,FALSE
"T1","ALG26-160","T1R-0156",190,,FALSE,TRUE,FALSE,FALSE
"T1","ALG26-020","T1R-0019",192,,FALSE,TRUE,FALSE,FALSE
"T1","ALG26-089","T1R-0086",196,,FALSE,FALSE,FALSE,FALSE
"T1","ALG26-122","T1R-0119",196,,FALSE,TRUE,FALSE,FALSE
"T1","ALG26-183","T1R-0178",196,,FALSE,FALSE,FALSE,FALSE
"T1","ALG26-175","T1R-0171",199,,FALSE,FALSE,FALSE,FALSE
"T1","ALG26-172","T1R-0168",200,,FALSE,FALSE,FALSE,FALSE
"T1","ALG26-041","T1R-0040",201,,FALSE,FALSE,FALSE,FALSE
"T1","ALG26-070","T1R-0069",202,,FALSE,FALSE,FALSE,FALSE
"T1","ALG26-117","T1R-0114",205,,FALSE,FALSE,FALSE,FALSE
"T1","ALG26-037","T1R-0036",207,,FALSE,FALSE,FALSE,FALSE
"T1","ALG26-036","T1R-0035",208,,FALSE,TRUE,FALSE,FALSE
"T1","ALG26-098","T1R-0095",208,,FALSE,TRUE,FALSE,FALSE
"T1","ALG26-079","T1R-0076",209,,FALSE,FALSE,FALSE,FALSE
"T1","ALG26-130","T1R-0126",209,,FALSE,FALSE,FALSE,FALSE
"T1","ALG26-021","T1R-0020",210,,TRUE,TRUE,TRUE,FALSE
"T1","ALG26-008","T1R-0007",211,,FALSE,FALSE,FALSE,FALSE
"T1","ALG26-112","T1R-0109",211,,FALSE,FALSE,FALSE,FALSE
"T1","ALG26-163","T1R-0159",218,,FALSE,FALSE,FALSE,FALSE
"T1","ALG26-179","T1R-0174",219,,FALSE,FALSE,FALSE,FALSE
"T1","ALG26-097","T1R-0094",222,,FALSE,FALSE,FALSE,FALSE
"T1","ALG26-185","T1R-0180",222,,FALSE,FALSE,FALSE,FALSE
"T1","ALG26-011","T1R-0010",224,,FALSE,FALSE,FALSE,FALSE
"T1","ALG26-022","T1R-0021",225,,FALSE,FALSE,FALSE,FALSE
"T1","ALG26-067","T1R-0066",226,,FALSE,FALSE,FALSE,FALSE
"T1","ALG26-180","T1R-0175",226,,FALSE,FALSE,FALSE,FALSE
"T1","ALG26-148","T1R-0144",227,,FALSE,FALSE,FALSE,FALSE
"T1","ALG26-116","T1R-0113",228,,FALSE,FALSE,FALSE,FALSE
"T1","ALG26-046","T1R-0045",229,,FALSE,FALSE,FALSE,FALSE
"T1","ALG26-093","T1R-0090",234,,FALSE,FALSE,FALSE,FALSE
"T1","ALG26-162","T1R-0158",237,,FALSE,FALSE,FALSE,FALSE
"T1","ALG26-108","T1R-0105",241,,FALSE,FALSE,FALSE,FALSE
"T1","ALG26-091","T1R-0088",249,,FALSE,FALSE,FALSE,FALSE
"T1","ALG26-114","T1R-0111",249,,FALSE,FALSE,FALSE,FALSE
"T1","ALG26-024","T1R-0023",250,,FALSE,FALSE,FALSE,FALSE
"T1","ALG26-043","T1R-0042",250,,FALSE,FALSE,FALSE,FALSE
"T1","ALG26-060","T1R-0059",251,,FALSE,FALSE,FALSE,FALSE
"T1","ALG26-023","T1R-0022",254,,FALSE,FALSE,FALSE,FALSE
"T1","ALG26-165","T1R-0161",254,,FALSE,FALSE,FALSE,FALSE
"T1","ALG26-161","T1R-0157",255,,FALSE,FALSE,FALSE,FALSE
"T1","ALG26-178","T1R-0173",255,,FALSE,FALSE,FALSE,FALSE
"T1","ALG26-054","T1R-0053",257,,FALSE,FALSE,FALSE,FALSE
"T1","ALG26-040","T1R-0039",258,,FALSE,FALSE,FALSE,FALSE
"T1","ALG26-120","T1R-0117",258,,FALSE,FALSE,FALSE,FALSE
"T1","ALG26-174","T1R-0170",258,,FALSE,TRUE,FALSE,FALSE
"T1","ALG26-168","T1R-0164",262,,FALSE,FALSE,FALSE,FALSE
"T1","ALG26-099","T1R-0096",264,,FALSE,FALSE,FALSE,FALSE
"T1","ALG26-080","T1R-0077",266,,FALSE,FALSE,FALSE,FALSE
"T1","ALG26-147","T1R-0143",266,,FALSE,TRUE,FALSE,FALSE
"T1","ALG26-064","T1R-0063",273,,FALSE,FALSE,FALSE,FALSE
"T1","ALG26-047","T1R-0046",275,,FALSE,FALSE,FALSE,FALSE
"T1","ALG26-058","T1R-0057",277,,FALSE,FALSE,FALSE,FALSE
"T1","ALG26-121","T1R-0118",287,,FALSE,FALSE,FALSE,FALSE
"T1","ALG26-142","T1R-0138",287,,FALSE,FALSE,FALSE,FALSE
"T1","ALG26-184","T1R-0179",287,,FALSE,FALSE,FALSE,FALSE
"T1","ALG26-063","T1R-0062",289,,FALSE,FALSE,FALSE,FALSE
"T1","ALG26-069","T1R-0068",290,,FALSE,FALSE,FALSE,FALSE
"T1","ALG26-107","T1R-0104",296,,FALSE,FALSE,FALSE,FALSE
"T1","ALG26-009","T1R-0008",297,,FALSE,FALSE,FALSE,FALSE
"T1","ALG26-045","T1R-0044",298,,FALSE,FALSE,FALSE,FALSE
"T1","ALG26-035","T1R-0034",312,,FALSE,FALSE,FALSE,FALSE
"T1","ALG26-057","T1R-0056",313,,FALSE,FALSE,FALSE,FALSE
"T1","ALG26-127","T1R-0123",314,,FALSE,FALSE,FALSE,FALSE
"T1","ALG26-048","T1R-0047",316,,FALSE,FALSE,FALSE,FALSE
"T1","ALG26-075","T1R-0073",331,,FALSE,FALSE,FALSE,FALSE
"T1","ALG26-136","T1R-0132",334,,FALSE,FALSE,FALSE,FALSE
"T1","ALG26-115","T1R-0112",368,,FALSE,FALSE,FALSE,FALSE
"T1","ALG26-156","T1R-0152",369,,FALSE,FALSE,FALSE,FALSE
"T1","ALG26-056","T1R-0055",376,,FALSE,FALSE,FALSE,FALSE
"T1","ALG26-065","T1R-0064",385,,FALSE,FALSE,FALSE,FALSE
"T1","ALG26-100","T1R-0097",385,,FALSE,TRUE,FALSE,FALSE
"T1","ALG26-061","T1R-0060",390,,FALSE,FALSE,FALSE,FALSE
"T1","ALG26-144","T1R-0140",394,,FALSE,FALSE,FALSE,FALSE
"T1","ALG26-095","T1R-0092",401,,FALSE,FALSE,TRUE,FALSE
"T1","ALG26-081","T1R-0078",463,,FALSE,FALSE,FALSE,FALSE
"T1","ALG26-012","T1R-0011",620,,FALSE,FALSE,FALSE,FALSE
"T2","ALG26-008","T2R-0007",26,,FALSE,,FALSE,FALSE
"T2","ALG26-184","T2R-0167",31,,FALSE,,FALSE,FALSE
"T2","ALG26-156","T2R-0143",36,,FALSE,,FALSE,FALSE
"T2","ALG26-100","T2R-0092",39,,FALSE,,FALSE,FALSE
"T2","ALG26-115","T2R-0105",42,,FALSE,,FALSE,FALSE
"T2","ALG26-006","T2R-0005",44,,FALSE,,FALSE,FALSE
"T2","ALG26-125","T2R-0113",45,,TRUE,,TRUE,FALSE
"T2","ALG26-146","T2R-0133",48,,FALSE,,FALSE,FALSE
"T2","ALG26-033","T2R-0030",52,,FALSE,,FALSE,FALSE
"T2","ALG26-009","T2R-0008",53,,FALSE,,FALSE,FALSE
"T2","ALG26-076","T2R-0069",53,,FALSE,,FALSE,FALSE
"T2","ALG26-018","T2R-0017",54,,FALSE,,FALSE,FALSE
"T2","ALG26-090","T2R-0082",54,,FALSE,,FALSE,FALSE
"T2","ALG26-067","T2R-0062",55,,FALSE,,FALSE,FALSE
"T2","ALG26-047","T2R-0042",56,,FALSE,,FALSE,FALSE
"T2","ALG26-101","T2R-0093",56,,FALSE,,FALSE,FALSE
"T2","ALG26-120","T2R-0109",56,,FALSE,,FALSE,FALSE
"T2","ALG26-149","T2R-0136",56,,FALSE,,FALSE,FALSE
"T2","ALG26-044","T2R-0040",57,,FALSE,,FALSE,FALSE
"T2","ALG26-169","T2R-0155",58,,FALSE,,FALSE,FALSE
"T2","ALG26-055","T2R-0050",59,,FALSE,,FALSE,FALSE
"T2","ALG26-185","T2R-0168",59,,FALSE,,FALSE,FALSE
"T2","ALG26-054","T2R-0049",60,,FALSE,,FALSE,FALSE
"T2","ALG26-083","T2R-0075",60,,FALSE,,FALSE,FALSE
"T2","ALG26-035","T2R-0032",61,,FALSE,,FALSE,FALSE
"T2","ALG26-091","T2R-0083",62,,FALSE,,FALSE,FALSE
"T2","ALG26-103","T2R-0095",63,,FALSE,,FALSE,FALSE
"T2","ALG26-140","T2R-0127",65,,FALSE,,FALSE,FALSE
"T2","ALG26-107","T2R-0099",67,,FALSE,,FALSE,FALSE
"T2","ALG26-170","T2R-0156",67,,FALSE,,FALSE,FALSE
"T2","ALG26-089","T2R-0081",70,,FALSE,,FALSE,FALSE
"T2","ALG26-060","T2R-0055",71,,FALSE,,FALSE,FALSE
"T2","ALG26-085","T2R-0077",71,,FALSE,,FALSE,FALSE
"T2","ALG26-096","T2R-0088",71,,FALSE,,FALSE,FALSE
"T2","ALG26-031","T2R-0028",72,,FALSE,,FALSE,FALSE
"T2","ALG26-162","T2R-0149",72,,FALSE,,FALSE,FALSE
"T2","ALG26-051","T2R-0046",73,,FALSE,,FALSE,FALSE
"T2","ALG26-178","T2R-0161",73,,FALSE,,FALSE,FALSE
"T2","ALG26-163","T2R-0150",75,,FALSE,,FALSE,FALSE
"T2","ALG26-139","T2R-0126",76,,FALSE,,FALSE,FALSE
"T2","ALG26-011","T2R-0010",77,,FALSE,,FALSE,FALSE
"T2","ALG26-074","T2R-0067",77,,FALSE,,FALSE,FALSE
"T2","ALG26-151","T2R-0138",77,,FALSE,,FALSE,FALSE
"T2","ALG26-153","T2R-0140",77,,FALSE,,FALSE,FALSE
"T2","ALG26-167","T2R-0153",77,,FALSE,,FALSE,FALSE
"T2","ALG26-145","T2R-0132",78,,FALSE,,FALSE,FALSE
"T2","ALG26-166","T2R-0152",78,,FALSE,,FALSE,FALSE
"T2","ALG26-040","T2R-0036",79,,FALSE,,FALSE,FALSE
"T2","ALG26-124","T2R-0112",80,,FALSE,,FALSE,FALSE
"T2","ALG26-177","T2R-0160",80,,FALSE,,FALSE,FALSE
"T2","ALG26-002","T2R-0002",81,,FALSE,,FALSE,FALSE
"T2","ALG26-064","T2R-0059",81,,FALSE,,FALSE,FALSE
"T2","ALG26-087","T2R-0079",81,,FALSE,,FALSE,FALSE
"T2","ALG26-094","T2R-0086",84,,FALSE,,FALSE,FALSE
"T2","ALG26-029","T2R-0027",85,,FALSE,,FALSE,FALSE
"T2","ALG26-065","T2R-0060",86,,FALSE,,FALSE,FALSE
"T2","ALG26-180","T2R-0163",86,,FALSE,,FALSE,FALSE
"T2","ALG26-183","T2R-0166",86,,FALSE,,FALSE,FALSE
"T2","ALG26-016","T2R-0015",87,,FALSE,,FALSE,FALSE
"T2","ALG26-165","T2R-0151",87,,FALSE,,FALSE,FALSE
"T2","ALG26-050","T2R-0045",88,,FALSE,,FALSE,FALSE
"T2","ALG26-041","T2R-0037",89,,FALSE,,FALSE,FALSE
"T2","ALG26-017","T2R-0016",90,,FALSE,,FALSE,FALSE
"T2","ALG26-021","T2R-0020",91,,FALSE,,FALSE,FALSE
"T2","ALG26-126","T2R-0114",92,,FALSE,,FALSE,FALSE
"T2","ALG26-015","T2R-0014",94,,FALSE,,FALSE,FALSE
"T2","ALG26-084","T2R-0076",94,,FALSE,,FALSE,FALSE
"T2","ALG26-080","T2R-0072",95,,FALSE,,FALSE,FALSE
"T2","ALG26-133","T2R-0120",95,,FALSE,,FALSE,FALSE
"T2","ALG26-181","T2R-0164",95,,FALSE,,FALSE,FALSE
"T2","ALG26-022","T2R-0021",96,,FALSE,,FALSE,FALSE
"T2","ALG26-079","T2R-0071",97,,FALSE,,FALSE,FALSE
"T2","ALG26-001","T2R-0001",98,,FALSE,,FALSE,FALSE
"T2","ALG26-105","T2R-0097",98,,FALSE,,FALSE,FALSE
"T2","ALG26-109","T2R-0101",99,,FALSE,,FALSE,FALSE
"T2","ALG26-135","T2R-0122",99,,FALSE,,FALSE,FALSE
"T2","ALG26-138","T2R-0125",99,,FALSE,,FALSE,FALSE
"T2","ALG26-049","T2R-0044",100,,FALSE,,FALSE,FALSE
"T2","ALG26-082","T2R-0074",100,,FALSE,,FALSE,FALSE
"T2","ALG26-092","T2R-0084",100,,FALSE,,FALSE,FALSE
"T2","ALG26-134","T2R-0121",100,,FALSE,,FALSE,FALSE
"T2","ALG26-158","T2R-0145",100,,FALSE,,FALSE,FALSE
"T2","ALG26-131","T2R-0119",101,,FALSE,,FALSE,FALSE
"T2","ALG26-157","T2R-0144",101,,FALSE,,FALSE,FALSE
"T2","ALG26-066","T2R-0061",102,,FALSE,,FALSE,FALSE
"T2","ALG26-143","T2R-0130",102,,FALSE,,FALSE,FALSE
"T2","ALG26-111","T2R-0102",104,,FALSE,,FALSE,FALSE
"T2","ALG26-118","T2R-0107",104,,TRUE,,TRUE,FALSE
"T2","ALG26-093","T2R-0085",105,,FALSE,,FALSE,FALSE
"T2","ALG26-173","T2R-0157",106,,FALSE,,FALSE,FALSE
"T2","ALG26-056","T2R-0051",108,,FALSE,,FALSE,FALSE
"T2","ALG26-070","T2R-0064",108,,FALSE,,FALSE,FALSE
"T2","ALG26-081","T2R-0073",108,,FALSE,,FALSE,FALSE
"T2","ALG26-136","T2R-0123",109,,FALSE,,FALSE,FALSE
"T2","ALG26-062","T2R-0057",110,,FALSE,,FALSE,FALSE
"T2","ALG26-141","T2R-0128",110,,FALSE,,FALSE,FALSE
"T2","ALG26-127","T2R-0115",111,,FALSE,,FALSE,FALSE
"T2","ALG26-154","T2R-0141",111,,FALSE,,FALSE,FALSE
"T2","ALG26-039","T2R-0035",112,,FALSE,,FALSE,FALSE
"T2","ALG26-160","T2R-0147",113,,FALSE,,FALSE,FALSE
"T2","ALG26-024","T2R-0023",114,,FALSE,,FALSE,FALSE
"T2","ALG26-057","T2R-0052",114,,FALSE,,FALSE,FALSE
"T2","ALG26-106","T2R-0098",114,,TRUE,,TRUE,FALSE
"T2","ALG26-037","T2R-0033",116,,FALSE,,FALSE,FALSE
"T2","ALG26-078","T2R-0070",118,,FALSE,,FALSE,FALSE
"T2","ALG26-095","T2R-0087",118,,FALSE,,FALSE,FALSE
"T2","ALG26-129","T2R-0117",118,,FALSE,,FALSE,FALSE
"T2","ALG26-013","T2R-0012",119,,FALSE,,FALSE,FALSE
"T2","ALG26-061","T2R-0056",119,,FALSE,,FALSE,FALSE
"T2","ALG26-007","T2R-0006",120,,FALSE,,FALSE,FALSE
"T2","ALG26-014","T2R-0013",120,,FALSE,,FALSE,FALSE
"T2","ALG26-128","T2R-0116",120,,FALSE,,FALSE,FALSE
"T2","ALG26-023","T2R-0022",122,,FALSE,,FALSE,FALSE
"T2","ALG26-043","T2R-0039",123,,FALSE,,FALSE,FALSE
"T2","ALG26-152","T2R-0139",123,,FALSE,,FALSE,FALSE
"T2","ALG26-063","T2R-0058",124,,FALSE,,FALSE,FALSE
"T2","ALG26-159","T2R-0146",124,,FALSE,,FALSE,FALSE
"T2","ALG26-042","T2R-0038",125,,FALSE,,FALSE,FALSE
"T2","ALG26-004","T2R-0003",126,,FALSE,,FALSE,FALSE
"T2","ALG26-116","T2R-0106",127,,FALSE,,FALSE,FALSE
"T2","ALG26-112","T2R-0103",130,,FALSE,,FALSE,FALSE
"T2","ALG26-088","T2R-0080",132,,FALSE,,FALSE,FALSE
"T2","ALG26-010","T2R-0009",133,,FALSE,,FALSE,FALSE
"T2","ALG26-048","T2R-0043",133,,FALSE,,FALSE,FALSE
"T2","ALG26-144","T2R-0131",134,,FALSE,,FALSE,FALSE
"T2","ALG26-147","T2R-0134",134,,FALSE,,FALSE,FALSE
"T2","ALG26-071","T2R-0065",135,,FALSE,,FALSE,FALSE
"T2","ALG26-097","T2R-0089",135,,FALSE,,FALSE,FALSE
"T2","ALG26-119","T2R-0108",137,,FALSE,,FALSE,FALSE
"T2","ALG26-086","T2R-0078",138,,FALSE,,FALSE,FALSE
"T2","ALG26-069","T2R-0063",142,,FALSE,,FALSE,FALSE
"T2","ALG26-058","T2R-0053",143,,FALSE,,FALSE,FALSE
"T2","ALG26-027","T2R-0025",145,,FALSE,,FALSE,FALSE
"T2","ALG26-098","T2R-0090",147,,FALSE,,FALSE,FALSE
"T2","ALG26-122","T2R-0111",148,,FALSE,,FALSE,FALSE
"T2","ALG26-099","T2R-0091",149,,FALSE,,FALSE,FALSE
"T2","ALG26-025","T2R-0024",151,,FALSE,,FALSE,FALSE
"T2","ALG26-075","T2R-0068",153,,FALSE,,FALSE,FALSE
"T2","ALG26-137","T2R-0124",154,,FALSE,,FALSE,FALSE
"T2","ALG26-019","T2R-0018",157,,FALSE,,FALSE,FALSE
"T2","ALG26-108","T2R-0100",158,,FALSE,,FALSE,FALSE
"T2","ALG26-104","T2R-0096",159,,FALSE,,FALSE,FALSE
"T2","ALG26-155","T2R-0142",162,,FALSE,,FALSE,FALSE
"T2","ALG26-179","T2R-0162",165,,FALSE,,FALSE,FALSE
"T2","ALG26-121","T2R-0110",166,,FALSE,,FALSE,FALSE
"T2","ALG26-034","T2R-0031",167,,FALSE,,FALSE,FALSE
"T2","ALG26-175","T2R-0159",167,,FALSE,,FALSE,FALSE
"T2","ALG26-012","T2R-0011",169,,FALSE,,FALSE,FALSE
"T2","ALG26-059","T2R-0054",172,,FALSE,,FALSE,FALSE
"T2","ALG26-150","T2R-0137",172,,FALSE,,FALSE,FALSE
"T2","ALG26-005","T2R-0004",174,,FALSE,,FALSE,FALSE
"T2","ALG26-148","T2R-0135",190,,FALSE,,FALSE,FALSE
"T2","ALG26-130","T2R-0118",192,,FALSE,,FALSE,FALSE
"T2","ALG26-168","T2R-0154",199,,FALSE,,FALSE,FALSE
"T2","ALG26-052","T2R-0047",203,,FALSE,,FALSE,FALSE
"T2","ALG26-174","T2R-0158",207,,FALSE,,FALSE,FALSE
"T2","ALG26-182","T2R-0165",207,,FALSE,,FALSE,FALSE
"T2","ALG26-046","T2R-0041",209,,FALSE,,FALSE,FALSE
"T2","ALG26-161","T2R-0148",214,,FALSE,,FALSE,FALSE
"T2","ALG26-038","T2R-0034",220,,FALSE,,FALSE,FALSE
"T2","ALG26-073","T2R-0066",235,,FALSE,,FALSE,FALSE
"T2","ALG26-020","T2R-0019",236,,FALSE,,FALSE,FALSE
"T2","ALG26-032","T2R-0029",240,,FALSE,,FALSE,FALSE
"T2","ALG26-114","T2R-0104",270,,FALSE,,FALSE,FALSE
"T2","ALG26-142","T2R-0129",289,,FALSE,,FALSE,FALSE
"T2","ALG26-053","T2R-0048",360,,FALSE,,FALSE,FALSE
