roster_id,study_id,section,enrollment_status,synthetic_flag
R26-0001,ALG26-001,A,수강,1
R26-0002,ALG26-002,A,수강,1
R26-0003,ALG26-003,A,수강,1
R26-0004,ALG26-004,A,수강,1
R26-0005,ALG26-005,A,수강,1
R26-0006,ALG26-006,A,수강,1
R26-0007,ALG26-007,A,수강,1
R26-0008,ALG26-008,A,수강,1
R26-0009,ALG26-009,A,수강,1
R26-0010,ALG26-010,A,수강,1
R26-0011,ALG26-011,A,수강,1
R26-0012,ALG26-012,A,수강,1
R26-0013,ALG26-013,A,수강,1
R26-0014,ALG26-014,A,수강,1
R26-0015,ALG26-015,A,수강,1
R26-0016,ALG26-016,A,수강,1
R26-0017,ALG26-017,A,수강,1
R26-0018,ALG26-018,A,수강,1
R26-0019,ALG26-019,A,수강,1
R26-0020,ALG26-020,A,수강,1
R26-0021,ALG26-021,A,수강,1
R26-0022,ALG26-022,A,수강,1
R26-0023,ALG26-023,A,수강,1
R26-0024,ALG26-024,A,수강,1
R26-0025,ALG26-025,A,수강,1
R26-0026,ALG26-026,A,수강,1
R26-0027,ALG26-027,A,수강,1
R26-0028,ALG26-028,A,수강,1
R26-0029,ALG26-029,A,수강,1
R26-0030,ALG26-030,A,수강,1
R26-0031,ALG26-031,A,수강,1
R26-0032,ALG26-032,A,수강,1
R26-0033,ALG26-033,A,수강,1
R26-0034,ALG26-034,A,수강,1
R26-0035,ALG26-035,A,수강,1
R26-0036,ALG26-036,A,수강,1
R26-0037,ALG26-037,A,수강,1
R26-0038,ALG26-038,A,수강,1
R26-0039,ALG26-039,A,수강,1
R26-0040,ALG26-040,A,수강,1
R26-0041,ALG26-041,A,수강,1
R26-0042,ALG26-042,A,수강,1
R26-0043,ALG26-043,A,수강,1
R26-0044,ALG26-044,A,수강,1
R26-0045,ALG26-045,A,수강,1
R26-0046,ALG26-046,A,수강,1
R26-0047,ALG26-047,A,수강,1
R26-0048,ALG26-048,A,수강,1
R26-0049,ALG26-049,A,수강,1
R26-0050,ALG26-050,A,수강,1
R26-0051,ALG26-051,A,수강,1
R26-0052,ALG26-052,A,수강,1
R26-0053,ALG26-053,A,수강,1
R26-0054,ALG26-054,A,수강,1
R26-0055,ALG26-055,A,수강,1
R26-0056,ALG26-056,A,수강,1
R26-0057,ALG26-057,A,수강,1
R26-0058,ALG26-058,A,수강,1
R26-0059,ALG26-059,A,수강,1
R26-0060,ALG26-060,A,수강,1
R26-0061,ALG26-061,A,수강,1
R26-0062,ALG26-062,A,수강,1
R26-0063,ALG26-063,A,수강,1
R26-0064,ALG26-064,A,수강,1
R26-0065,ALG26-065,B,수강,1
R26-0066,ALG26-066,B,수강,1
R26-0067,ALG26-067,B,수강,1
R26-0068,ALG26-068,B,수강,1
R26-0069,ALG26-069,B,수강,1
R26-0070,ALG26-070,B,수강,1
R26-0071,ALG26-071,B,수강,1
R26-0072,ALG26-072,B,수강,1
R26-0073,ALG26-073,B,수강,1
R26-0074,ALG26-074,B,수강,1
R26-0075,ALG26-075,B,수강,1
R26-0076,ALG26-076,B,수강,1
R26-0077,ALG26-077,B,수강,1
R26-0078,ALG26-078,B,수강,1
R26-0079,ALG26-079,B,수강,1
R26-0080,ALG26-080,B,수강,1
R26-0081,ALG26-081,B,수강,1
R26-0082,ALG26-082,B,수강,1
R26-0083,ALG26-083,B,수강,1
R26-0084,ALG26-084,B,수강,1
R26-0085,ALG26-085,B,수강,1
R26-0086,ALG26-086,B,수강,1
R26-0087,ALG26-087,B,수강,1
R26-0088,ALG26-088,B,수강,1
R26-0089,ALG26-089,B,수강,1
R26-0090,ALG26-090,B,수강,1
R26-0091,ALG26-091,B,수강,1
R26-0092,ALG26-092,B,수강,1
R26-0093,ALG26-093,B,수강,1
R26-0094,ALG26-094,B,수강,1
R26-0095,ALG26-095,B,수강,1
R26-0096,ALG26-096,B,수강,1
R26-0097,ALG26-097,B,수강,1
R26-0098,ALG26-098,B,수강,1
R26-0099,ALG26-099,B,수강,1
R26-0100,ALG26-100,B,수강,1
R26-0101,ALG26-101,B,수강,1
R26-0102,ALG26-102,B,수강,1
R26-0103,ALG26-103,B,수강,1
R26-0104,ALG26-104,B,수강,1
R26-0105,ALG26-105,B,수강,1
R26-0106,ALG26-106,B,수강,1
R26-0107,ALG26-107,B,수강,1
R26-0108,ALG26-108,B,수강,1
R26-0109,ALG26-109,B,수강,1
R26-0110,ALG26-110,B,수강,1
R26-0111,ALG26-111,B,수강,1
R26-0112,ALG26-112,B,수강,1
R26-0113,ALG26-113,B,수강,1
R26-0114,ALG26-114,B,수강,1
R26-0115,ALG26-115,B,수강,1
R26-0116,ALG26-116,B,수강,1
R26-0117,ALG26-117,B,수강,1
R26-0118,ALG26-118,B,수강,1
R26-0119,ALG26-119,B,중도포기,1
R26-0120,ALG26-120,B,수강,1
R26-0121,ALG26-121,B,수강,1
R26-0122,ALG26-122,B,수강,1
R26-0123,ALG26-123,B,수강,1
R26-0124,ALG26-124,B,수강,1
R26-0125,ALG26-125,B,수강,1
R26-0126,ALG26-126,B,수강,1
R26-0127,ALG26-127,C,수강,1
R26-0128,ALG26-128,C,수강,1
R26-0129,ALG26-129,C,수강,1
R26-0130,ALG26-130,C,수강,1
R26-0131,ALG26-131,C,수강,1
R26-0132,ALG26-132,C,수강,1
R26-0133,ALG26-133,C,수강,1
R26-0134,ALG26-134,C,수강,1
R26-0135,ALG26-135,C,수강,1
R26-0136,ALG26-136,C,수강,1
R26-0137,ALG26-137,C,수강,1
R26-0138,ALG26-138,C,수강,1
R26-0139,ALG26-139,C,수강,1
R26-0140,ALG26-140,C,수강,1
R26-0141,ALG26-141,C,수강,1
R26-0142,ALG26-142,C,수강,1
R26-0143,ALG26-143,C,수강,1
R26-0144,ALG26-144,C,수강,1
R26-0145,ALG26-145,C,수강,1
R26-0146,ALG26-146,C,수강,1
R26-0147,ALG26-147,C,수강,1
R26-0148,ALG26-148,C,수강,1
R26-0149,ALG26-149,C,수강,1
R26-0150,ALG26-150,C,수강,1
R26-0151,ALG26-151,C,수강,1
R26-0152,ALG26-152,C,수강,1
R26-0153,ALG26-153,C,수강,1
R26-0154,ALG26-154,C,수강,1
R26-0155,ALG26-155,C,수강,1
R26-0156,ALG26-156,C,수강,1
R26-0157,ALG26-157,C,수강,1
R26-0158,ALG26-158,C,수강,1
R26-0159,ALG26-159,C,수강,1
R26-0160,ALG26-160,C,수강,1
R26-0161,ALG26-161,C,수강,1
R26-0162,ALG26-162,C,수강,1
R26-0163,ALG26-163,C,수강,1
R26-0164,ALG26-164,C,수강,1
R26-0165,ALG26-165,C,수강,1
R26-0166,ALG26-166,C,수강,1
R26-0167,ALG26-167,C,수강,1
R26-0168,ALG26-168,C,수강,1
R26-0169,ALG26-169,C,수강,1
R26-0170,ALG26-170,C,수강,1
R26-0171,ALG26-171,C,수강,1
R26-0172,ALG26-172,C,수강,1
R26-0173,ALG26-173,C,수강,1
R26-0174,ALG26-174,C,수강,1
R26-0175,ALG26-175,C,수강,1
R26-0176,ALG26-176,C,수강,1
R26-0177,ALG26-177,C,수강,1
R26-0178,ALG26-178,C,수강,1
R26-0179,ALG26-179,C,수강,1
R26-0180,ALG26-180,C,수강,1
R26-0181,ALG26-181,C,수강,1
R26-0182,ALG26-182,C,수강,1
R26-0183,ALG26-183,C,수강,1
R26-0184,ALG26-184,C,수강,1
R26-0185,ALG26-185,C,수강,1
R26-0186,ALG26-186,C,수강,1
